"","x.1._alphas","x.1._gammas","x.1._scales","x.1._shapes","x.2._alphas","x.2._gammas","x.2._scales","x.2._shapes","x.3._alphas","x.3._gammas","x.3._scales","x.3._shapes","train_size","rsq_train","rsq_val","rsq_test","nrmse_train","nrmse_val","nrmse_test","nrmse","decomp.rssd","mape","lambda","lambda_hp","lambda_max","lambda_min_ratio","pos","Elapsed","ElapsedAccum","solID","trial","iterNG","iterPar","iterations","coef0","mape.qt10","robynPareto","error_score","cluster","top_sol"
"1",6.382758982431,0.628394332325,0.0925676078145,1.974195935,7.38843377494,0.486639788894,0.701076926899,2.7603219284,5.721338989011,0.830153408048,0.481232535777,2.3114009226,0.74641148325,0.582946410978351,0.440608086531657,-0.449452691871062,0.112069898529609,0.177759464630372,0.331235969912704,0.177759464630372,0.000831401189461607,0,12849.7808840205,0.01781428278,717363.847276706,1e-04,0,0.100704193115234,249.782611131668,"1_331_1",1,331,1,2311,FALSE,TRUE,4,0.0534874983639622,4,TRUE
"2",6.458836050129,0.650476187562,0.0174701447968,1.34043451,8.248603865775,0.234009784608,0.869623751938,2.3815470476,5.991391165069,0.879414894253,0.442528211327,2.2016715384,0.74641148325,0.771846151181164,0.728705053651655,0.500519479888786,0.0828909175398704,0.123792830626056,0.194444089773823,0.123792830626056,0.159875923362841,0,2180.1784069904,0.002939446831,717363.847276706,1e-04,0,0.104343891143799,380.787034988403,"1_498_3",1,498,3,3482,FALSE,TRUE,4,0.0392529636979931,4,FALSE
"3",6.458836050129,0.650476187562,0.0174701447968,1.3629435548,8.248603865775,0.234009784608,0.869623751938,2.3815470476,5.991391165069,0.879414894253,0.442528211327,2.2016715384,0.74641148325,0.771524797693015,0.728796246519611,0.499003793450932,0.0829492727081176,0.12377202306543,0.194738889085813,0.12377202306543,0.16344889327089,0,2180.1784069904,0.002939446831,717363.847276706,1e-04,0,0.0909121036529541,387.717512130737,"1_506_7",1,506,7,3542,FALSE,TRUE,4,0.039972650431271,4,FALSE
"4",7.433552628716,0.65477525798,0.01649687514546,1.6529784932,8.007756328623,0.279162293893,0.792552466972,2.3989035322,6.104789700842,0.864889459505,0.441099612964,2.1391919166,0.74641148325,0.771524537353642,0.730292195455229,0.507033154138798,0.0829493199669783,0.123430190292967,0.19317206636381,0.123430190292967,0.211841835712311,0,2128.95187191535,0.002868030271,717363.847276706,1e-04,0,0.0863091945648193,473.863216161728,"1_615_3",1,615,3,4301,FALSE,TRUE,3,0.0493526155243565,4,FALSE
"5",7.19858293696,0.690535189823,0.01521406649164,1.5721858768,8.900185764171,0.273400359845,0.847900545786,2.2991008706,5.84834884687,0.860716560115,0.411347965745,2.1042244914,0.74641148325,0.776835736232048,0.731531694663074,0.450253121710975,0.0819795202491885,0.123146238916854,0.203993747075386,0.123146238916854,0.210922260656477,0,2010.00208455454,0.002702198547,717363.847276706,1e-04,0,0.0857338905334473,481.064603090286,"1_624_2",1,624,2,4363,FALSE,TRUE,2,0.0502569722085413,4,FALSE
"6",8.609896520955,0.641902788548,0.010870653012858,1.5721858768,8.900185764171,0.273400359845,0.847900545786,2.2991008706,5.84834884687,0.860716560115,0.411347965745,2.1042244914,0.74641148325,0.785035761414401,0.731731697452965,0.4558262792438,0.0804592825410543,0.123100359795018,0.20295710149699,0.123100359795018,0.221862856680688,0,1882.57360318029,0.002524546403,717363.847276706,1e-04,0,0.0854129791259766,484.014666080475,"1_628_4",1,628,4,4393,FALSE,TRUE,4,0.0523168623310921,4,FALSE
"7",7.19858293696,0.690535189823,0.01521406649164,1.4393115966,8.985935908251,0.281149015172,0.845750915347,2.2603021836,5.832875387427,0.887814320517,0.411347965745,2.1042244914,0.74641148325,0.778405524801853,0.73088142835405,0.483205226676735,0.081690680045154,0.123295287086539,0.197785534729413,0.123295287086539,0.19062341797354,0,2010.00208455454,0.002702198547,717363.847276706,1e-04,0,0.0911428928375244,486.927874088287,"1_632_6",1,632,6,4423,FALSE,TRUE,1,0.045596606920621,4,FALSE
"8",8.573614141353,0.693337855804,0.01521406649164,1.4393115966,8.985935908251,0.281149015172,0.845750915347,2.2603021836,5.832875387427,0.887814320517,0.411347965745,2.1152204982,0.74641148325,0.780519283704044,0.73249814606755,0.485711002475752,0.0813001284372272,0.122924383755627,0.19730545206161,0.122924383755627,0.213195442572939,0,1915.96102392221,0.00257109288,717363.847276706,1e-04,0,0.101940870285034,492.935844182968,"1_641_3",1,641,3,4483,FALSE,TRUE,2,0.0500226868241056,4,FALSE
"9",7.19858293696,0.68419746093,0.01209812863456,1.477290589,8.985935908251,0.281149015172,0.845750915347,2.2603021836,5.832875387427,0.887814320517,0.411347965745,2.1042244914,0.74641148325,0.777613229911779,0.730945653930671,0.483136996977314,0.0818365892748725,0.123280573900137,0.197798590591137,0.123280573900137,0.193121284629617,0,2010.00208455454,0.002702198547,717363.847276706,1e-04,0,0.114418983459473,497.228172063828,"1_645_5",1,645,5,4513,FALSE,TRUE,1,0.0460888404624841,4,FALSE
"10",7.941301607636,0.663270128912,0.01426755610985,1.4106904154,8.835702672448,0.25346765507,0.849900563131,2.272884521,5.798805176226,0.878737504662,0.444341922836,2.203824875,0.74641148325,0.777824574605845,0.732205573783998,0.474428883663785,0.0817976934356361,0.122991587849337,0.199457887189415,0.122991587849337,0.205110639975011,0,2133.47704261325,0.002874338957,717363.847276706,1e-04,0,0.0946090221405029,512.983491182327,"1_666_2",1,666,2,4657,FALSE,TRUE,1,0.0486309366191569,4,FALSE
"11",7.19858293696,0.690535189823,0.01521406649164,1.4393115966,8.985935908251,0.281149015172,0.845750915347,2.3291209294,5.832109134666,0.849423102072,0.411347965745,2.1042244914,0.74641148325,0.778271697508789,0.730638814465207,0.467295077285826,0.0817153440004786,0.123350850718133,0.200806989153865,0.123350850718133,0.19992683892874,0,2010.00208455454,0.002702198547,717363.847276706,1e-04,0,0.0895810127258301,513.617091178894,"1_667_1",1,667,1,4663,FALSE,TRUE,2,0.0477510887703015,4,FALSE
"12",7.941301607636,0.663270128912,0.01426755610985,1.4106904154,8.835702672448,0.25346765507,0.881873281534,2.3126651384,5.667045802477,0.855155599281,0.413892328183,2.203824875,0.74641148325,0.77809800190469,0.731285324101467,0.419479148250587,0.0817473444651349,0.123202730968327,0.209625630248914,0.123202730968327,0.198517020051996,0,2133.47704261325,0.002874338957,717363.847276706,1e-04,0,0.0946059226989746,516.157013177872,"1_670_4",1,670,4,4687,FALSE,TRUE,1,0.0484738909191708,4,FALSE
"13",7.03914027953,0.691255352191,0.0190953131967,1.4393115966,8.985935908251,0.281149015172,0.845750915347,2.2603021836,5.832875387427,0.887814320517,0.411347965745,2.1042244914,0.74641148325,0.771524189430194,0.729895874883625,0.476932999614465,0.0829493831247504,0.123520843891783,0.198982155155695,0.123520843891783,0.176784052102109,0,2173.71143186576,0.002930431013,717363.847276706,1e-04,0,0.0982110500335693,516.786415100098,"1_671_3",1,671,3,4693,FALSE,TRUE,1,0.043038366621207,4,FALSE
"14",7.31625508769,0.676657769593,0.015158949614,1.415107492,8.854686223451,0.27772401678,0.853837497889,2.335691708,5.594941545235,0.859896901087,0.425646725414,2.2111417308,0.74641148325,0.774292204125571,0.730103733293939,0.478213275043673,0.0824453805791055,0.123473307061946,0.198738488436395,0.123473307061946,0.187521353484655,0,2260.14902540711,0.003050936442,717363.847276706,1e-04,0,0.0963509082794189,518.100315093994,"1_673_2",1,673,2,4706,FALSE,TRUE,2,0.0450941350092743,4,FALSE
"15",8.227139552141,0.690535189823,0.01521406649164,1.4393115966,8.985935908251,0.281149015172,0.845750915347,2.2603021836,5.940333552354,0.850830196967,0.397852430186,2.1226061552,0.74641148325,0.782703204524419,0.73256505491144,0.437631595371305,0.0808946328238993,0.122909009576629,0.206322183785231,0.122909009576629,0.22211129417399,0,1809.406072212,0.002422541195,717363.847276706,1e-04,0,0.0845508575439453,519.747698068619,"1_675_5",1,675,5,4723,FALSE,TRUE,3,0.0527122736575039,4,FALSE
"16",6.734914536938,0.669804297359,0.01778931257845,1.3393306088,8.874695606273,0.25746190387,0.873278051443,2.2893409838,5.668535116443,0.82678902453,0.45350070244,2.2108219834,0.74641148325,0.770877650883718,0.728587958550231,0.471316793735977,0.0830666648769415,0.123819543195652,0.200047545450652,0.123819543195652,0.150527584857071,0,2267.08083451129,0.0030606003,717363.847276706,1e-04,0,0.0836508274078369,523.438471078873,"1_680_7",1,680,7,4760,FALSE,TRUE,3,0.0382064242359482,4,FALSE
"17",8.227139552141,0.690535189823,0.01521406649164,1.4393115966,8.985935908251,0.281149015172,0.845750915347,2.2603021836,5.940333552354,0.850830196967,0.397852430186,2.1226061552,0.74641148325,0.782703204524419,0.73256505491144,0.437631595371305,0.0808946328238993,0.122909009576629,0.206322183785231,0.122909009576629,0.22211129417399,0,1809.406072212,0.002422541195,717363.847276706,1e-04,0,0.104928016662598,525.893980026245,"1_684_2",1,684,2,4783,FALSE,TRUE,3,0.0527122736575039,NA,NA
"18",7.31625508769,0.676657769593,0.015158949614,1.415107492,8.961768187444,0.27772401678,0.853837497889,2.335691708,5.594941545235,0.859896901087,0.425646725414,2.2111417308,0.74641148325,0.774280406656028,0.730118442474854,0.478588118396436,0.0824475352103913,0.123469942406369,0.198667090313633,0.123469942406369,0.187675257215968,0,2260.14902540711,0.003050936442,717363.847276706,1e-04,0,0.10061502456665,527.443266153336,"1_686_1",1,686,1,4796,FALSE,TRUE,2,0.0451162496160869,4,FALSE
"19",8.227139552141,0.690535189823,0.01521406649164,1.4393115966,8.985935908251,0.271074172185,0.845750915347,2.2603021836,5.940333552354,0.850830196967,0.397852430186,2.1226061552,0.74641148325,0.78326068119574,0.732804588256429,0.41635642588211,0.0807907982694284,0.122853954315534,0.210188680393492,0.122853954315534,0.219364649099708,0,1809.406072212,0.002422541195,717363.847276706,1e-04,0,0.10882306098938,529.317521095276,"1_688_4",1,688,4,4813,FALSE,TRUE,2,0.0525855293342806,4,FALSE
"20",7.31625508769,0.676657769593,0.015158949614,1.415107492,8.961768187444,0.27772401678,0.853837497889,2.335691708,5.594941545235,0.859896901087,0.425646725414,2.2111417308,0.74641148325,0.774280406656028,0.730118442474854,0.478588118396436,0.0824475352103913,0.123469942406369,0.198667090313633,0.123469942406369,0.187675257215968,0,2260.14902540711,0.003050936442,717363.847276706,1e-04,0,0.0833349227905273,530.644618034363,"1_690_3",1,690,3,4826,FALSE,TRUE,2,0.0451162496160869,NA,NA
"21",8.227139552141,0.690535189823,0.01521406649164,1.4393115966,8.985935908251,0.267447721848,0.866804982475,2.2984159308,5.847281436301,0.880931185829,0.420455362712,2.1692094964,0.74641148325,0.778276551939412,0.732523504897181,0.474462488034376,0.0817144494740806,0.12291855708127,0.199451510541523,0.12291855708127,0.207008992465549,0,2065.74941771477,0.002779917697,717363.847276706,1e-04,0,0.0838558673858643,532.308057069778,"1_692_6",1,692,6,4843,FALSE,TRUE,1,0.0490064955227971,4,FALSE
"22",6.575708091758,0.667374099938,0.01661217134801,1.610320635,8.710970981277,0.271077597884,0.831113275362,2.2234219638,5.698846969143,0.880653209014,0.427995149991,2.1060320426,0.74641148325,0.773390192849218,0.729947949649682,0.432040027621962,0.0826099573311945,0.123508936207837,0.207345366220376,0.123508936207837,0.205998607746118,0,2218.63892639704,0.002993065878,717363.847276706,1e-04,0,0.0847020149230957,534.241167068481,"1_695_5",1,695,5,4863,FALSE,TRUE,4,0.0496591860475745,4,FALSE
"23",7.621843694504,0.661242865285,0.0189096166725,1.3876316318,8.881574313763,0.254948297696,0.83734240156,2.3051896326,5.830230308273,0.822776555828,0.489352179327,2.1409524796,0.74641148325,0.769942548099173,0.72986427141123,0.516177995395478,0.0832359996839126,0.123528069944694,0.191371948033852,0.123528069944694,0.197902050537881,0,2289.94916357781,0.003092481773,717363.847276706,1e-04,0,0.0823960304260254,534.435963153839,"1_695_7",1,695,7,4865,FALSE,TRUE,4,0.0463785011209299,4,FALSE
"24",7.31625508769,0.676657769593,0.015158949614,1.415107492,8.961768187444,0.27772401678,0.828259323131,2.3038672142,5.700349043515,0.878762425374,0.450006401083,2.2111417308,0.74641148325,0.773955691474475,0.730372508937307,0.520319666442066,0.0825068174917802,0.123411811428323,0.190551085015472,0.123411811428323,0.184910677790619,0,2260.14902540711,0.003050936442,717363.847276706,1e-04,0,0.0942051410675049,536.474339008331,"1_698_7",1,698,7,4886,FALSE,TRUE,1,0.0437044955501003,4,FALSE
"25",8.227139552141,0.690535189823,0.01521406649164,1.4393115966,8.985935908251,0.271074172185,0.845750915347,2.2603021836,5.940333552354,0.863119827293,0.401961888418,2.0564999502,0.74641148325,0.782969824364895,0.732888703978184,0.439209441150216,0.080844989353433,0.122834614981813,0.206032539797964,0.122834614981813,0.212797532010052,0,1794.70752024822,0.002402049471,717363.847276706,1e-04,0,0.103266954421997,538.201886177063,"1_701_3",1,701,3,4903,FALSE,TRUE,1,0.0508448183713093,4,FALSE
"26",7.621843694504,0.661242865285,0.0189096166725,1.3876316318,8.76424205066,0.254536644038,0.877671115295,2.3500392126,5.917723587282,0.810379383509,0.481433804293,2.2054086774,0.74641148325,0.76809149440152,0.729143042495069,0.522264196150956,0.0835701893003171,0.123692862342867,0.190164464490091,0.123692862342867,0.172903322957,0,2289.94916357781,0.003092481773,717363.847276706,1e-04,0,0.188425779342651,541.438988208771,"1_704_4",1,704,4,4925,FALSE,TRUE,1,0.0412909687272497,4,FALSE
"27",8.227139552141,0.690535189823,0.01521406649164,1.4393115966,8.985935908251,0.271074172185,0.845750915347,2.2603021836,6.171028416402,0.804768137319,0.413291238826,2.0564999502,0.74641148325,0.783059381153961,0.732097132334146,0.400019465460685,0.0808283074226726,0.123016487613585,0.213110108277364,0.123016487613585,0.213485001446811,0,1794.70752024822,0.002402049471,717363.847276706,1e-04,0,0.17902684211731,542.984332084656,"1_705_5",1,705,5,4933,FALSE,TRUE,3,0.0517684130821078,4,FALSE
"28",8.263508368795,0.658374933379,0.0206099291697,1.361146868,8.290273299703,0.219922857488,0.872454867659,2.5055120096,6.149638925639,0.82678902453,0.45350070244,2.2108219834,0.74641148325,0.770624471434611,0.729788065385167,0.467743011599224,0.083112546402702,0.123545492518822,0.200722545352436,0.123545492518822,0.180086266808245,0,2267.08083451129,0.0030606003,717363.847276706,1e-04,0,0.157104969024658,544.409993171692,"1_706_5",1,706,5,4940,FALSE,TRUE,2,0.0438786108771496,4,FALSE
"29",7.31625508769,0.676657769593,0.015158949614,1.415107492,8.961768187444,0.27772401678,0.828259323131,2.2078492456,5.758032449848,0.874969383947,0.450006401083,2.2111417308,0.74641148325,0.775430363547529,0.731138847480808,0.487576512059749,0.0822372473588347,0.123236305355419,0.196947278344755,0.123236305355419,0.200157449276365,0,2260.14902540711,0.003050936442,717363.847276706,1e-04,0,0.113823890686035,545.272853136063,"1_707_4",1,707,4,4946,FALSE,TRUE,2,0.0473889239707732,4,FALSE
"30",6.575708091758,0.667374099938,0.01661217134801,1.327221991,8.710970981277,0.271077597884,0.831113275362,2.2234219638,5.698846969143,0.880653209014,0.422064238051,2.1060320426,0.74641148325,0.777812364282914,0.728913635331678,0.436107040233218,0.0817999411246588,0.123745233201437,0.206601659524715,0.123745233201437,0.168031171268416,0,2218.63892639704,0.002993065878,717363.847276706,1e-04,0,0.0876979827880859,546.0678191185,"1_708_4",1,708,4,4953,FALSE,TRUE,4,0.0423213861246722,4,FALSE
"31",7.621843694504,0.661242865285,0.0189096166725,1.3876316318,8.76424205066,0.254536644038,0.877671115295,2.3500392126,5.917723587282,0.810379383509,0.481433804293,2.2432096378,0.74641148325,0.768048512627714,0.729151192080422,0.521655193472467,0.0835779333641777,0.123691001484038,0.190285633746033,0.123691001484038,0.173426158838101,0,2289.94916357781,0.003092481773,717363.847276706,1e-04,0,0.0835049152374268,549.191292047501,"1_713_1",1,713,1,4985,FALSE,TRUE,1,0.0414068163143681,4,FALSE
"32",8.227139552141,0.690535189823,0.01521406649164,1.4393115966,8.985935908251,0.271074172185,0.834812333501,2.1863052878,5.940333552354,0.863119827293,0.401961888418,2.0564999502,0.74641148325,0.784028912100079,0.733036369833256,0.403364096479395,0.0806474899759576,0.122800657252827,0.212515279971906,0.122800657252827,0.217500968131773,0,1794.70752024822,0.002402049471,717363.847276706,1e-04,0,0.0845558643341064,549.954534053802,"1_714_2",1,714,2,4993,FALSE,TRUE,1,0.0524802777965773,4,FALSE
"33",0.7227531930567,0.598818817174,0.349457683742,2.1645160126,5.144007814641,0.87649040347,0.446873115766,2.3430035396,1.525810187606,0.667921080855,0.434400846315,1.7627102692,0.74641148325,0.58880822357096,0.27690292057712,-1.229935439918,0.111279523536575,0.202103086162247,0.41084841353417,0.202103086162247,0.000287401796680383,0,14572.2809802674,0.02021567556,717363.847276706,1e-04,0,0.0900869369506836,396.969206809998,"2_515_1",2,515,1,3599,FALSE,TRUE,1,0.0738331406814662,1,FALSE
"34",5.284443607301,0.782943924889,0.648894613774,2.1017555674,7.994642941061,0.187974914727,0.379496070271,1.9175475634,5.654444943805,0.844110465567,0.076987127506,1.2254757924,0.74641148325,0.761903999753211,0.720283336285655,0.382329304236818,0.0846777085518085,0.125699575616266,0.216229014132191,0.125699575616266,0.000982518147131635,0,1725.05470412558,0.00230494424,717363.847276706,1e-04,0,0.098067045211792,230.326915979385,"3_297_7",3,297,7,2079,FALSE,TRUE,1,0.024096638540871,3,TRUE
"35",4.628864029412,0.788074498544,0.674033462371,2.1072083782,7.600781617743,0.190677842947,0.367794294646,1.9517339516,6.047113562025,0.8122441933,0.079122863443,1.2054206862,0.74641148325,0.758820406940727,0.719856050366407,0.337132728820994,0.0852242771347515,0.125795546235929,0.224000381326834,0.125795546235929,0.00187247060805752,0,1963.38472871212,0.002637207792,717363.847276706,1e-04,0,0.0915718078613281,248.772197008133,"3_320_6",3,320,6,2239,FALSE,TRUE,3,0.0260844837971915,3,FALSE
"36",5.949095807785,0.833697949994,0.744268045818,2.0128432486,8.002427924158,0.193095044321,0.346175021448,2.7655173152,8.085800722072,0.898092691285,0.126405443993,1.16345302114,0.74641148325,0.758959534714381,0.728321617337572,0.265276143261942,0.0851996921890276,0.123880281401204,0.235829179680808,0.123880281401204,0.130317191571893,0,2071.60151856527,0.002788076299,717363.847276706,1e-04,0,0.102077007293701,360.928875207901,"3_452_2",3,452,2,3159,FALSE,TRUE,3,0.0405225977705743,2,FALSE
"37",7.757065963212,0.883836507881,0.69453094744,1.9381158258,7.822931879654,0.17918475826,0.3586376619,2.3673444996,8.478002274731,0.893188200503,0.129292965244,1.15563539308,0.74641148325,0.759964805939286,0.7285584030239,0.300158974832005,0.0850218417891543,0.123826284702271,0.230162819066218,0.123826284702271,0.136602145635268,0,1926.44058060833,0.002585702767,717363.847276706,1e-04,0,0.0880708694458008,385.803936004639,"3_484_5",3,484,5,3386,FALSE,TRUE,3,0.040479502537264,2,FALSE
"38",7.310183023233,0.840750614107,0.709275434862,1.9711434788,8.147701518104,0.178515216244,0.359385797502,2.6768053462,7.985211603981,0.898429108526,0.118897913518,1.2134033738,0.74641148325,0.757858526307376,0.728305134520505,0.342300560472982,0.0853940552008858,0.123884039272969,0.223125499313572,0.123884039272969,0.133479891613817,0,2034.72737243317,0.002736668866,717363.847276706,1e-04,0,0.0874748229980469,395.535089015961,"3_497_3",3,497,3,3475,FALSE,TRUE,4,0.0387657068669638,2,FALSE
"39",7.310183023233,0.840750614107,0.709275434862,1.9711434788,8.147701518104,0.178515216244,0.359385797502,2.637721059,8.170893129883,0.892932203484,0.131308706842,1.114287905,0.74641148325,0.764333699275405,0.728702707822155,0.230836853777446,0.0842445451099732,0.123793365829992,0.241292988894436,0.123793365829992,0.153022403372695,0,1733.44081365979,0.002316635585,717363.847276706,1e-04,0,0.123148918151855,404.379751205444,"3_505_7",3,505,7,3535,FALSE,TRUE,3,0.0450241986198211,2,FALSE
"40",7.023075278087,0.867481598567,0.690945561703,2.0103719024,8.888061736897,0.168113540426,0.356019609687,2.605441692,8.143606138887,0.892841586532,0.124394365283,1.15981521376,0.74641148325,0.760238400017542,0.72836939338046,0.282808219334361,0.084973373678652,0.123869388429517,0.232998497945965,0.123869388429517,0.126193338512129,0,1903.9988667631,0.002554416052,717363.847276706,1e-04,0,0.0948090553283691,419.758654117584,"3_524_6",3,524,6,3667,FALSE,TRUE,2,0.0393810809271293,2,FALSE
"41",8.303773776887,0.85208568766,0.711130718449,1.8408351562,7.981499261694,0.162545813723,0.363253623671,2.5396121226,8.802328834738,0.889147282595,0.121886549894,1.11888377972,0.74641148325,0.759132940205236,0.728250302833049,0.270466247360348,0.0851690401727378,0.123896539377133,0.234994752432719,0.123896539377133,0.126581721568351,0,1995.72174043122,0.00268228986,717363.847276706,1e-04,0,0.0827248096466064,439.670732975006,"3_551_4",3,551,4,3854,FALSE,TRUE,4,0.0398082141177061,2,FALSE
"42",5.979986780103,0.86108043884,0.710554682681,1.9752792524,8.118097888614,0.176443488306,0.36871689143,2.6206482686,8.009701137121,0.893492389598,0.124901864821,1.1620326727,0.74641148325,0.760553027270946,0.72815270819021,0.25383083385826,0.0849176022046796,0.12391878512975,0.237658919790797,0.12391878512975,0.12606808020307,0,1961.31173657934,0.002634317767,717363.847276706,1e-04,0,0.0842258930206299,441.693039178848,"3_554_4",3,554,4,3875,FALSE,TRUE,3,0.0402294943882641,3,FALSE
"43",6.564043512818,0.883447317645,0.707951771059,2.0522099418,8.690044388311,0.202287314625,0.353594453048,2.4399241388,8.731111396046,0.893125334285,0.132481009324,1.14398079234,0.74641148325,0.763389164230631,0.728885402838064,0.302819442746482,0.0844131995899689,0.123751676803927,0.229724916856828,0.123751676803927,0.143134708819994,0,1785.6694474167,0.002389449203,717363.847276706,1e-04,0,0.0870919227600098,449.416673183441,"3_563_7",3,563,7,3941,FALSE,TRUE,1,0.0414506519779359,3,FALSE
"44",5.979666725315,0.874135979314,0.69739250036,1.9641190866,8.296726107741,0.207219425044,0.341046380873,2.5028712192,8.819979636221,0.895064583854,0.128311366622,1.1580877771,0.74641148325,0.763809932582208,0.728449749828102,0.273387148481542,0.0843381096062385,0.123851064941584,0.23452384559716,0.123851064941584,0.125688389984091,0,1695.87394554076,0.002264262406,717363.847276706,1e-04,0,0.106568098068237,450.545080184937,"3_565_4",3,565,4,3952,FALSE,TRUE,1,0.0395876560296944,3,FALSE
"45",6.516699668204,0.794575840409,0.764604625028,2.1201348794,6.970535134361,0.203601957032,0.357406482892,2.5312425498,8.196894254209,0.891342626727,0.125149245661,1.16740532902,0.74641148325,0.760826276834343,0.728570868901324,0.296181232819922,0.0848691356881058,0.123823441326335,0.230815989608434,0.123823441326335,0.149038278164152,0,1933.64471826992,0.002595746287,717363.847276706,1e-04,0,0.0974619388580322,451.481034040451,"3_566_6",3,566,6,3961,FALSE,TRUE,3,0.0425973653677851,2,FALSE
"46",5.660928878819,0.875279546811,0.73256520335,2.0673391962,8.936354558719,0.201633032549,0.36784815086,2.391704566,8.364695034206,0.8999285597,0.134237335947,1.12668880736,0.74641148325,0.765529179987899,0.728412554467323,0.321557657472047,0.0840305968776836,0.123859546847423,0.226616716127188,0.123859546847423,0.137023781124843,0,1674.09520327487,0.002233899961,717363.847276706,1e-04,0,0.0995891094207764,453.768105983734,"3_570_1",3,570,1,3984,FALSE,TRUE,4,0.0399336501271237,3,FALSE
"47",6.516699668204,0.794575840409,0.764604625028,2.1201348794,6.970535134361,0.203601957032,0.340687222975,2.8169201666,8.709368739426,0.898734294421,0.129475180996,1.13424229854,0.74641148325,0.761889858483998,0.729109073749844,0.237963054521424,0.0846802231519953,0.12370061839174,0.240172613076648,0.12370061839174,0.165734839916677,0,1933.64471826992,0.002595746287,717363.847276706,1e-04,0,0.0940070152282715,457.672094106674,"3_575_3",3,575,3,4021,FALSE,TRUE,1,0.0469039000474447,2,FALSE
"48",8.806462403475,0.897972468661,0.646174801097,1.9944264422,8.479464366977,0.19927872258,0.365664502574,2.3423906248,8.858185125158,0.884878254305,0.122346759549,1.17624480446,0.74641148325,0.759927137499154,0.728946913327891,0.314485802790621,0.0850285127161679,0.123737637615075,0.227794742444009,0.123737637615075,0.143514294439759,0,1913.0866127906,0.002567085571,717363.847276706,1e-04,0,0.0855660438537598,465.888782978058,"3_586_3",3,586,3,4098,FALSE,TRUE,1,0.041186536625964,2,FALSE
"49",7.02708374558,0.894409887572,0.704748672451,1.8977293844,7.327152193926,0.189982926942,0.348627639571,2.539227452,8.770770608438,0.894614659128,0.127507620438,1.14987758774,0.74641148325,0.762458826955825,0.728668119710922,0.352054621222543,0.0845789901821131,0.123801256882293,0.221464779248766,0.123801256882293,0.128679069824678,0,1796.17468029122,0.002404094886,717363.847276706,1e-04,0,0.0835809707641602,469.363173007965,"3_591_3",3,591,3,4133,FALSE,TRUE,1,0.0377089445175786,2,TRUE
"50",6.516699668204,0.794575840409,0.764604625028,2.1201348794,6.970535134361,0.203601957032,0.350775997399,2.8644853446,8.709368739426,0.898734294421,0.129475180996,1.13424229854,0.74641148325,0.762768353553277,0.729133581366903,0.232097317227636,0.0845238671469883,0.123695022641453,0.241095198803034,0.123695022641453,0.180466877788906,0,1933.64471826992,0.002595746287,717363.847276706,1e-04,0,0.0980410575866699,470.190244197845,"3_592_4",3,592,4,4141,FALSE,TRUE,3,0.0495346882936894,2,FALSE
"51",5.911281138421,0.794427801102,0.801008499817,2.1202081436,7.572303222502,0.191754394868,0.353258471907,2.8084156114,8.240180346352,0.897615452548,0.138675423475,1.1656364824,0.74641148325,0.761961621726441,0.728842051111184,0.273628276779125,0.0846674614416145,0.123761570469751,0.234484928704977,0.123761570469751,0.15509282970023,0,1959.19610573432,0.002631368298,717363.847276706,1e-04,0,0.0845730304718018,471.45000910759,"3_594_3",3,594,3,4154,FALSE,TRUE,3,0.0442041461443519,2,FALSE
"52",6.150690828458,0.827841810069,0.767759290637,1.9802387076,8.329649612078,0.165239109028,0.372801952448,2.5752026462,8.572159378654,0.8999285597,0.134237335947,1.17836360046,0.74641148325,0.762263145232043,0.728732979960423,0.311537614760355,0.0846138202607878,0.123786459026017,0.228284054858771,0.123786459026017,0.132789253706869,0,1816.16386911924,0.002431962457,717363.847276706,1e-04,0,0.0934708118438721,472.427330970764,"3_595_6",3,595,6,4164,FALSE,TRUE,1,0.0395483279888471,3,FALSE
"53",8.767432563003,0.893109347482,0.664440633327,1.9091836274,8.567053625024,0.179150746376,0.383852837965,2.6472252246,8.328194759479,0.898805810193,0.12685580651,1.19785168168,0.74641148325,0.760717826294806,0.728983191781704,0.354159101077107,0.0848883749680248,0.123729356653509,0.221104835929104,0.123729356653509,0.163315688445018,0,1952.42332387759,0.002621926145,717363.847276706,1e-04,0,0.0955419540405273,481.701872110367,"3_608_4",3,608,4,4253,FALSE,TRUE,2,0.0434957970993198,2,FALSE
"54",6.701583282161,0.849740029292,0.725411340897,1.9374953462,8.995346819152,0.192157660632,0.356080106814,2.7006542066,8.820075288922,0.892653488058,0.126462315438,1.17668024074,0.74641148325,0.762761799714228,0.728783512540134,0.342955355911493,0.0845250346809228,0.123774928799367,0.223014401498512,0.123774928799367,0.144516146589266,0,1784.23936850666,0.002387455484,717363.847276706,1e-04,0,0.0842278003692627,481.884088039398,"3_608_6",3,608,6,4255,FALSE,TRUE,2,0.0405618929934023,2,FALSE
"55",8.767432563003,0.896999844443,0.649827967543,1.9773778792,8.496982218946,0.195253127357,0.383852837965,2.6472252246,8.328194759479,0.898805810193,0.12685580651,1.19785168168,0.74641148325,0.761819433446408,0.729149118646952,0.30619878756713,0.0846927450189069,0.123691474930042,0.229167483977384,0.123691474930042,0.188472199274167,0,1952.42332387759,0.002621926145,717363.847276706,1e-04,0,0.0817091464996338,484.633097171783,"3_612_6",3,612,6,4283,FALSE,TRUE,4,0.0491526510760027,2,FALSE
"56",8.767432563003,0.893109347482,0.664440633327,1.9091836274,8.567053625024,0.179150746376,0.413294060749,2.1916447892,8.328194759479,0.898805810193,0.12685580651,1.19785168168,0.74641148325,0.759554357801869,0.728781129739176,0.358505562433541,0.085094502282599,0.123775472516997,0.220359570342068,0.123775472516997,0.144467517896963,0,1952.42332387759,0.002621926145,717363.847276706,1e-04,0,0.0906980037689209,487.590414047241,"3_617_1",3,617,1,4313,FALSE,TRUE,2,0.0401250297355917,2,FALSE
"57",6.798287889576,0.811105137925,0.720114549863,2.1336600834,7.008831799878,0.216243284297,0.34119931607,2.5002062092,8.938100214444,0.896297476468,0.124427968212,1.18273767932,0.74641148325,0.760344965758257,0.729043522112437,0.256181050927904,0.0849544877166843,0.123715584355539,0.237284346177194,0.123715584355539,0.159865993566867,0,1901.47794650854,0.002550901556,717363.847276706,1e-04,0,0.0838580131530762,488.070664167404,"3_617_6",3,617,6,4318,FALSE,TRUE,1,0.0454557721557902,2,FALSE
"58",8.093493377869,0.892746678712,0.659253654053,2.026424179,8.477457839432,0.180901036485,0.344058262447,2.663100181,8.318315516326,0.897058859008,0.12983214006,1.13907575348,0.74641148325,0.761382526505187,0.728877097929123,0.245682857460198,0.0847703875721827,0.123753572198988,0.238952983971451,0.123753572198988,0.150226688014211,0,1883.99100825602,0.002526522453,717363.847276706,1e-04,0,0.0810389518737793,500.470832109451,"3_635_1",3,635,1,4439,FALSE,TRUE,2,0.0441731737662799,2,FALSE
"59",5.808466297706,0.821183650293,0.767975913344,2.119431177,8.021007577835,0.210903659699,0.348427461572,2.42850853,8.391760552057,0.899018129127,0.131653020341,1.1515962771,0.74641148325,0.759189021111045,0.728559968427864,0.288496489710325,0.0851591246720979,0.123825927648601,0.232072666864212,0.123825927648601,0.130788237485364,0,2043.9656995935,0.002749548315,717363.847276706,1e-04,0,0.0913701057434082,504.093782186508,"3_639_7",3,639,7,4473,FALSE,TRUE,2,0.0399110241991634,3,FALSE
"60",5.544242203798,0.8639113989,0.740562456236,1.9562962994,8.153539073017,0.211923736848,0.35358869902,2.3543648368,8.345192213611,0.892486679897,0.133432163894,1.13907575348,0.74641148325,0.762390456912151,0.72828899636698,0.236614323874129,0.0845911612367997,0.123887718455412,0.240385060099229,0.123887718455412,0.127383091525167,0,1883.99100825602,0.002526522453,717363.847276706,1e-04,0,0.116090059280396,513.455053091049,"3_652_2",3,652,2,4559,FALSE,TRUE,4,0.0409357920975538,3,FALSE
"61",5.544242203798,0.8639113989,0.740562456236,1.9562962994,8.153539073017,0.211923736848,0.35358869902,2.3543648368,8.345192213611,0.892486679897,0.133432163894,1.1543367331,0.74641148325,0.762141462904911,0.72833410838796,0.250932236175134,0.0846354716985439,0.123877433525328,0.23812008189159,0.123877433525328,0.125350888095266,0,1883.99100825602,0.002526522453,717363.847276706,1e-04,0,0.0881669521331787,516.444039106369,"3_656_4",3,656,4,4589,FALSE,TRUE,2,0.040211167456928,3,FALSE
"62",5.544242203798,0.8639113989,0.740562456236,1.9562962994,8.153539073017,0.207978048495,0.363627156849,2.3040071724,8.274097621471,0.890935280224,0.133432163894,1.1543367331,0.74641148325,0.762244714842043,0.728292287298533,0.250033860274911,0.0846171000120182,0.123886968196441,0.238262830819907,0.123886968196441,0.126096132295347,0,1883.99100825602,0.002526522453,717363.847276706,1e-04,0,0.086838960647583,519.495222091675,"3_660_6",3,660,6,4619,FALSE,TRUE,3,0.0403471950171375,3,FALSE
"63",7.459324745378,0.893222659968,0.680097248196,2.0279110318,8.588575324525,0.204963467462,0.343529467256,2.4073370778,8.416721617889,0.894256571366,0.128979900713,1.1678346308,0.74641148325,0.760779041614486,0.728609649927621,0.311090034701705,0.0848775158193372,0.123814595238866,0.228358248301868,0.123814595238866,0.135010040293322,0,1875.39152655487,0.002514533639,717363.847276706,1e-04,0,0.087630033493042,521.693548202515,"3_663_6",3,663,6,4640,FALSE,TRUE,2,0.0399124540180244,2,FALSE
"64",5.544242203798,0.8639113989,0.740562456236,1.9562962994,8.153539073017,0.211923736848,0.35358869902,2.3543648368,8.59005217925,0.888750085741,0.133432163894,1.1543367331,0.74641148325,0.762163382002162,0.728391236299617,0.243901571733739,0.0846315719522953,0.123864407909342,0.239234955921599,0.123864407909342,0.127430483760206,0,1883.99100825602,0.002526522453,717363.847276706,1e-04,0,0.0999159812927246,526.251080989838,"3_669_3",3,669,3,4679,FALSE,TRUE,2,0.0407258924025464,3,FALSE
"65",5.95341590284,0.887640670392,0.694937720783,1.9556005704,7.841906392111,0.198042711584,0.343480314514,2.5171018532,8.725828429738,0.892509466656,0.126925517718,1.1497924063,0.74641148325,0.763584394402614,0.728108528273251,0.322753451349733,0.0843783672791818,0.123928854200484,0.226416915512167,0.123928854200484,0.109526301956338,0,1688.61426077811,0.002254141446,717363.847276706,1e-04,0,0.110077142715454,527.723790168762,"3_670_7",3,670,7,4690,FALSE,TRUE,3,0.0356924547544554,3,FALSE
"66",8.638542534746,0.830271805015,0.683457607935,2.081235777,7.718177111112,0.184738341261,0.387741617671,2.45501455,8.869387891394,0.895160131139,0.118821388203,1.19345550812,0.74641148325,0.759088641980256,0.729200708722982,0.241988829333896,0.0851768715961277,0.123679694358277,0.239537367480462,0.123679694358277,0.184810024132691,0,2018.68214685143,0.002714299701,717363.847276706,1e-04,0,0.101274013519287,531.539424180984,"3_675_5",3,675,5,4723,FALSE,TRUE,3,0.050040703420331,2,FALSE
"67",6.845271524668,0.740827218153,0.787292661045,2.2328549392,6.273613090642,0.189878956608,0.335642804791,2.5322871578,8.595866501306,0.898626246285,0.131402417434,1.17222055322,0.74641148325,0.761340069737553,0.728608986797169,0.226960558169875,0.0847779287562264,0.123814746506548,0.241900238148303,0.123814746506548,0.155520267579498,0,1804.27688130419,0.002415390425,717363.847276706,1e-04,0,0.107732057571411,531.902043104172,"3_676_1",3,676,1,4726,FALSE,TRUE,4,0.0455284384567698,2,FALSE
"68",7.599745968844,0.883567629358,0.682139289917,1.8885472286,7.294566273978,0.196743135631,0.376148967794,2.4223308674,8.558815977447,0.891174050848,0.137118483641,1.1888402263,0.74641148325,0.762452128470063,0.728980417030579,0.216923286734934,0.0845801827062559,0.123729990040964,0.243465609543014,0.123729990040964,0.166826561215919,0,1875.45584470387,0.002514623307,717363.847276706,1e-04,0,0.0887060165405273,536.892430067062,"3_682_7",3,682,7,4774,FALSE,TRUE,3,0.0476296216778509,2,FALSE
"69",7.320886393171,0.813000655386,0.758365999415,1.9346936266,8.67645230033,0.192502874633,0.381864976863,2.3176361446,8.748007763022,0.893627346528,0.132874541692,1.1980799074,0.74641148325,0.764064359401409,0.728599393539861,0.31194775965192,0.0842926723467775,0.123816934818186,0.228216045705465,0.123816934818186,0.152232775754902,0,1676.92678848099,0.002237847565,717363.847276706,1e-04,0,0.0853939056396484,550.395690202713,"3_700_5",3,700,5,4898,FALSE,TRUE,3,0.0426985525021914,3,FALSE
"70",8.356846134906,0.844903972212,0.693487812616,1.9779609398,6.895568657101,0.213159016976,0.29283845157,2.9995095964,8.773977604845,0.89052282788,0.129589716253,1.2469859834,0.74641148325,0.75557764059842,0.728485316233613,0.252977251915094,0.0857953031766033,0.123842953953949,0.237794816172607,0.123842953953949,0.139301446519023,0,2121.63151643408,0.002857824728,717363.847276706,1e-04,0,0.0976650714874268,552.540354013443,"3_703_4",3,703,4,4918,FALSE,TRUE,4,0.0422519183765956,2,FALSE
"71",8.652347638979,0.885024650583,0.642522962531,2.102410467,7.712452322264,0.194379647626,0.385019952637,2.568195081,8.671934179848,0.894291672699,0.127176333335,1.17439232444,0.74641148325,0.762695254026588,0.729349872794653,0.246141775899103,0.0845368885521892,0.12364562649217,0.238880284699323,0.12364562649217,0.193927059007009,0,1879.87594214961,0.002520785507,717363.847276706,1e-04,0,0.0865399837493896,553.309298038483,"3_704_4",3,704,4,4925,FALSE,TRUE,4,0.0515374807859691,2,FALSE
"72",7.408749971179,0.851063361481,0.695167323962,2.0017287232,7.721936722819,0.193919044413,0.314393885958,2.912005976,8.736818090721,0.894490551654,0.12209003184,1.12078978218,0.74641148325,0.761357100937386,0.728391364728814,0.285558301213924,0.0847749037498821,0.123864378624925,0.232551350892343,0.123864378624925,0.125105510617022,0,1838.94333716989,0.002463720046,717363.847276706,1e-04,0,0.09865403175354,557.833698034286,"3_710_6",3,710,6,4969,FALSE,TRUE,1,0.0391353055164618,2,FALSE
"73",8.014894503695,0.826824012744,0.749432691521,1.8686241552,8.784726267302,0.187985710961,0.316496655494,2.7383906368,8.896820676816,0.885010705529,0.129406635243,1.18533817778,0.74641148325,0.76162917942396,0.728553570548442,0.305111202313858,0.0847265637288346,0.1238273869372,0.229347032220354,0.1238273869372,0.140414674673137,0,1778.16044195839,0.002378980657,717363.847276706,1e-04,0,0.105216979980469,558.201996088028,"3_711_2",3,711,2,4972,FALSE,TRUE,4,0.040946988576096,2,FALSE
"74",1.766286860288,0.875806229409,0.615934690728,1.0866438026,4.827305349994,0.853839624544,0.799281340541,1.691729175,5.559748426397,0.460126654451,0.454215917565,2.5483312392,0.74641148325,0.775565161246021,0.715458221890648,0.633606137885378,0.0822125622414528,0.12677909935052,0.166536550304571,0.12677909935052,0.000736918060213829,0,2387.73707701893,0.003228811048,717363.847276706,1e-04,0,0.0904440879821777,297.256508827209,"4_386_7",4,386,7,2702,FALSE,TRUE,3,0.0113971677131649,1,TRUE
"75",1.998126657473,0.876621879521,0.257960944848,1.01745400763,4.156590892244,0.850183300111,0.828312883687,1.6393027566,4.789814889697,0.438216558178,0.508871143661,2.535571643,0.74641148325,0.780794449213472,0.717712626437606,0.590164514752497,0.081249148998744,0.126275869649722,0.176132803902578,0.126275869649722,0.00183349932593634,0,1746.08419174412,0.002334262125,717363.847276706,1e-04,0,0.0828511714935303,367.928473949432,"4_475_3",4,475,3,3321,FALSE,TRUE,3,0.0138532285861599,1,FALSE
"76",1.983874823059,0.876621879521,0.257960944848,1.01745400763,4.156590892244,0.850183300111,0.828312883687,1.6393027566,4.789814889697,0.438216558178,0.508871143661,2.535571643,0.74641148325,0.780776904155759,0.717688422496437,0.59026866893593,0.0812524004959801,0.126281283119282,0.176110421587348,0.126281283119282,0.00195219818122132,0,1746.08419174412,0.002334262125,717363.847276706,1e-04,0,0.0879998207092285,383.935520887375,"4_496_6",4,496,6,3471,FALSE,TRUE,4,0.0138481572639475,1,FALSE
"77",1.846053992154,0.867734129125,0.313488993588,1.011538321906,4.413643240622,0.861413527125,0.858600333156,1.4547276702,4.848491714404,0.43780210191,0.497729610131,2.5494045756,0.74641148325,0.781567543341109,0.717019517985423,0.533428369312365,0.081105747702447,0.126430799027086,0.187929359544995,0.126430799027086,0.00168603057103063,0,1703.82645271123,0.002275349252,717363.847276706,1e-04,0,0.0903389453887939,388.46053981781,"4_502_6",4,502,6,3513,FALSE,TRUE,4,0.0168666283687328,1,FALSE
"78",2.502213044766,0.876074820551,0.42239006269,1.07825330708,4.523108791639,0.847805873015,0.758931139358,1.8551266144,5.56671233841,0.406187483818,0.539012673625,2.0382457066,0.74641148325,0.779443220950807,0.717466388438127,0.616804079366159,0.0814991825389143,0.126330932579597,0.170312258442908,0.126330932579597,0.0010501890996299,0,2067.26930590084,0.002782036622,717363.847276706,1e-04,0,0.104279041290283,548.152730941772,"4_704_3",4,704,3,4924,FALSE,TRUE,3,0.0123627781325254,1,FALSE
"79",2.508500371177,0.0406435382376,0.614507840325,1.8909349198,4.608545303387,0.712356813154,0.841728784627,2.7942960582,4.843693340561,0.473903330597,0.556625453314,2.8051430292,0.74641148325,0.695671272767069,0.681876489758023,0.624487929169595,0.0957336289895361,0.134051761315963,0.16859605970713,0.134051761315963,0.00165146118697303,0,6410.07629591231,0.008836483512,717363.847276706,1e-04,0,0.0881719589233398,196.036701202393,"5_260_2",5,260,2,1815,FALSE,TRUE,4,0.0119267476879963,1,FALSE
"80",3.747510832143,0.206628993437,0.610022713093,1.9270730192,2.592090609322,0.552946264781,0.892449281474,2.7944241162,6.30824661794,0.813214166119,0.2123154675,1.11873715456,0.74641148325,0.781047861386454,0.719963848880143,0.198408469957794,0.0812021714532645,0.125771341041235,0.246327006585168,0.125771341041235,0.000656196851898143,0,1524.91583639115,0.002025924208,717363.847276706,1e-04,0,0.0959959030151367,346.656209230423,"5_453_1",5,453,1,3165,FALSE,TRUE,1,0.0317881168314793,5,FALSE
"81",3.747510832143,0.206628993437,0.610022713093,1.9270730192,2.592090609322,0.552946264781,0.892449281474,2.7944241162,6.30824661794,0.813214166119,0.2123154675,1.11873715456,0.74641148325,0.781047861386454,0.719963848880143,0.198408469957794,0.0812021714532645,0.125771341041235,0.246327006585168,0.125771341041235,0.000656196851898143,0,1524.91583639115,0.002025924208,717363.847276706,1e-04,0,0.116457939147949,350.375416278839,"5_457_3",5,457,3,3195,FALSE,TRUE,1,0.0317881168314793,NA,NA
"82",5.909007798464,0.218442490406,0.559976176044,1.825676613,4.469780854213,0.764214318554,0.840606880887,2.1644508544,8.299214922715,0.849785365892,0.160926001441,1.11688751286,0.74641148325,0.771822180506628,0.726092806786915,0.304670305534933,0.0828952718363906,0.12438739150627,0.229419779351733,0.12438739150627,0.00114681058701648,0,1910.27770047081,0.002563169576,717363.847276706,1e-04,0,0.167025089263916,462.871614217758,"5_588_5",5,588,5,4114,FALSE,TRUE,1,0.0274678339340898,5,TRUE
"83",6.424174598093,0.268872352591,0.473407105223,1.8186787472,4.264983620712,0.741225711114,0.855993193678,2.1076568568,8.932829563537,0.845282159912,0.156669626637,1.0822544744,0.74641148325,0.776059350038516,0.726445026186837,0.239887001718105,0.0821219993925827,0.124307390420173,0.239869234444505,0.124307390420173,0.00246518267815322,0,1411.06965986688,0.001867207592,717363.847276706,1e-04,0,0.109385967254639,468.12988114357,"5_594_2",5,594,2,4153,FALSE,TRUE,4,0.0301413660337716,5,FALSE
"84",6.424174598093,0.268872352591,0.473407105223,1.8186787472,4.264983620712,0.741225711114,0.855993193678,2.1076568568,8.932829563537,0.845282159912,0.156669626637,1.0822544744,0.74641148325,0.776212833596013,0.726368548360207,0.242780948907319,0.0820938523432583,0.124324765528661,0.239412176823228,0.124324765528661,0.00218004287939431,0,1394.7570091366,0.001844465601,717363.847276706,1e-04,0,0.0940728187561035,471.66259932518,"5_598_4",5,598,4,4183,FALSE,TRUE,4,0.030023665900778,NA,NA
"85",5.488975623216,0.248363056599,0.513689399139,1.8400918756,4.180692898848,0.764216713633,0.772623563921,2.1810981682,7.0081134791,0.86802478933,0.159830170785,1.05845661226,0.74641148325,0.774193023486987,0.725807624572894,0.186716292033055,0.0824634926859027,0.124452128475707,0.248116990982642,0.124452128475707,0.00130127163282739,0,1770.83061033104,0.002368761903,717363.847276706,1e-04,0,0.138721942901611,479.956305265427,"5_607_3",5,607,3,4245,FALSE,TRUE,2,0.0322462144435509,5,FALSE
"86",6.017613926158,0.245646476135,0.481030222223,1.7690008024,4.322285305352,0.755082662857,0.847479093139,2.0668065022,8.767889821373,0.893032842459,0.158817725831,1.11317807236,0.74641148325,0.768115521574887,0.728098033742004,0.222857873673049,0.0835658599907186,0.123931245894999,0.242541296684847,0.123931245894999,0.0192451448801305,0,1830.11775351871,0.002451416016,717363.847276706,1e-04,0,0.149709939956665,483.921269178391,"5_610_7",5,610,7,4270,FALSE,TRUE,3,0.0310934678659692,5,FALSE
"87",6.208755144687,0.290677127332,0.435424456586,1.8162404438,3.905328879703,0.713986195517,0.835101005624,2.2940740232,7.898167813285,0.892193012649,0.16360558416,1.10599831072,0.74641148325,0.766560646393012,0.725496221672432,0.118973177381809,0.0838455626137789,0.124522779157411,0.258243877958131,0.124522779157411,0.00198084469464938,0,2151.64807884965,0.002899671783,717363.847276706,1e-04,0,0.107475996017456,485.104429244995,"5_612_3",5,612,3,4280,FALSE,TRUE,3,0.0348354297129487,5,FALSE
"88",6.017613926158,0.245646476135,0.481030222223,1.7690008024,4.322285305352,0.755082662857,0.847479093139,2.0668065022,8.767889821373,0.893032842459,0.158817725831,1.11317807236,0.74641148325,0.768115521574887,0.728098033742004,0.222857873673049,0.0835658599907186,0.123931245894999,0.242541296684847,0.123931245894999,0.0192451448801305,0,1830.11775351871,0.002451416016,717363.847276706,1e-04,0,0.144023895263672,487.654126167297,"5_615_2",5,615,2,4300,FALSE,TRUE,3,0.0310934678659692,NA,NA
"89",5.909007798464,0.218442490406,0.552672339691,1.8053335328,4.537484117188,0.780770553255,0.828232853641,2.0848389124,8.307552591234,0.855795039895,0.159170236141,1.11688751286,0.74641148325,0.77099721907193,0.726591768420805,0.287472686259693,0.083044987753835,0.124274045036554,0.232239574956633,0.124274045036554,0.00267664149917357,0,1910.27770047081,0.002563169576,717363.847276706,1e-04,0,0.143296957015991,491.595178127289,"5_618_5",5,618,5,4324,FALSE,TRUE,4,0.0281925898668566,5,FALSE
"90",6.707929302484,0.298776789492,0.439413909888,1.7665314468,4.194299174847,0.732399928481,0.82412339621,2.2017538734,7.80235591287,0.89406419217,0.159039641724,1.07131745814,0.74641148325,0.771093438556978,0.727577628936122,0.189871381824341,0.08302753952582,0.124049787858286,0.247635245134406,0.124049787858286,0.00293063417233334,0,1727.44691276647,0.002308279295,717363.847276706,1e-04,0,0.115898132324219,493.4748711586,"5_620_6",5,620,6,4339,FALSE,TRUE,4,0.0321274628083259,5,FALSE
"91",6.707929302484,0.29498635087,0.440579590859,1.7665314468,4.194299174847,0.732399928481,0.82412339621,2.2017538734,7.80235591287,0.89406419217,0.159039641724,1.07131745814,0.74641148325,0.771129927571904,0.727572101380615,0.189590145099791,0.0830209217297787,0.124051046361042,0.247678224780143,0.124051046361042,0.00271934325896298,0,1727.44691276647,0.002308279295,717363.847276706,1e-04,0,0.0937700271606445,506.178986310959,"5_633_5",5,633,5,4429,FALSE,TRUE,4,0.0321376605317084,5,FALSE
"92",6.816892826729,0.175350589043,0.622283247717,1.8558215288,4.28984669914,0.751218547276,0.848504655803,2.1177284256,8.884675328858,0.846397138829,0.156935610791,1.08270370806,0.74641148325,0.776164639124677,0.726403176430743,0.248291466766997,0.0821026916723522,0.124316898627878,0.238539447816062,0.124316898627878,0.00211645335446803,0,1446.29932202138,0.001916322397,717363.847276706,1e-04,0,0.095609188079834,507.615938186646,"5_635_3",5,635,3,4441,FALSE,TRUE,3,0.0298004653936024,5,FALSE
"93",6.715381283395,0.288637480779,0.445184716613,1.7688582442,4.36182773225,0.736332837591,0.832248569508,2.1298399428,8.11018063295,0.891083630675,0.157623395137,1.1057689631,0.74641148325,0.770207036899204,0.727798267879,0.198231039572209,0.0831881392025532,0.123999542795661,0.246354267026327,0.123999542795661,0.00445267021982114,0,1761.42850816678,0.00235565413,717363.847276706,1e-04,0,0.113351821899414,509.152672290802,"5_637_2",5,637,2,4454,FALSE,TRUE,4,0.031807808426135,5,FALSE
"94",6.715381283395,0.288637480779,0.445184716613,1.7669968062,4.227804886867,0.733186510303,0.825748430923,2.1873710874,8.018406282678,0.893468079871,0.15875639246,1.07820775914,0.74641148325,0.770770669101574,0.727720883650997,0.192456703181443,0.0830860553527871,0.124017167457581,0.247239796644602,0.124017167457581,0.00391614012561809,0,1734.24323184653,0.002317754262,717363.847276706,1e-04,0,0.0879170894622803,515.949577331543,"5_645_6",5,645,6,4514,FALSE,TRUE,3,0.0320309549383665,5,FALSE
"95",5.954485349644,0.184768290829,0.578420425951,1.7667668254,4.355556381968,0.745357904396,0.826315700458,2.1512486424,8.25718634458,0.892328692437,0.157534794302,1.09828290162,0.74641148325,0.76896171002103,0.727991019372324,0.219478491429532,0.0834132471588494,0.123955631741957,0.243068066892111,0.123955631741957,0.0132689347608133,0,1767.17039708445,0.002363659082,717363.847276706,1e-04,0,0.0856559276580811,516.694563150406,"5_646_6",5,646,6,4521,FALSE,TRUE,3,0.0310828807663026,5,FALSE
"96",6.012298977026,0.200193474459,0.555100516278,1.7673082468,4.426603644455,0.746251001151,0.83034427727,2.1171196808,8.322127085738,0.888887860411,0.157904982771,1.04794384504,0.74641148325,0.770368592729893,0.727741242586274,0.207389550017277,0.0831588913706238,0.124012530846594,0.24494318821912,0.124012530846594,0.00431829867791622,0,1724.68840958435,0.002304433577,717363.847276706,1e-04,0,0.0977749824523926,518.225723266602,"5_648_7",5,648,7,4536,FALSE,TRUE,4,0.0314465165808204,5,FALSE
"97",5.502002428987,0.196707578618,0.539452980388,1.763597998,4.486054492879,0.760807480345,0.850555938572,2.017754985,8.912658470393,0.883620509598,0.158357087463,1.06589120374,0.74641148325,0.769029656419443,0.727900580979938,0.22560343601982,0.0834009806932201,0.123976236606506,0.242112481015189,0.123976236606506,0.00788429911571894,0,1736.62756175087,0.002321078333,717363.847276706,1e-04,0,0.0866940021514893,519.450964212418,"5_650_5",5,650,5,4548,FALSE,TRUE,3,0.0307550982701951,5,FALSE
"98",6.597616103246,0.210690146919,0.541504686797,1.7317285022,4.398518516764,0.7354443934,0.81291185083,2.1413144944,8.909521471025,0.878063378078,0.158668896026,1.07160804368,0.74641148325,0.772554519607386,0.727759520243374,0.187035714495017,0.0827621383057256,0.124008368085073,0.248068261417079,0.124008368085073,0.00236138807363134,0,1480.63206060165,0.001964186772,717363.847276706,1e-04,0,0.105261087417603,527.229118347168,"5_660_4",5,660,4,4617,FALSE,TRUE,2,0.0322361487556234,5,FALSE
"99",6.704656174738,0.295985869464,0.439454517295,1.7689911596,4.187451860437,0.728911869584,0.827400421778,2.2034526846,7.906359681984,0.893394420534,0.158933508868,1.07246390656,0.74641148325,0.771540275548186,0.727684918015141,0.197660775167919,0.0829464629971269,0.124025357966388,0.246441862146937,0.124025357966388,0.00265292125296472,0,1667.43127264784,0.002224609561,717363.847276706,1e-04,0,0.0998501777648926,527.447732210159,"5_660_6",5,660,6,4619,FALSE,TRUE,3,0.0318215029889968,5,FALSE
"100",6.786849199669,0.199676803827,0.576903469812,1.7339851934,4.188567158938,0.732541643448,0.801467184813,2.259203379,8.445451628846,0.886586960232,0.158348809484,1.12007207378,0.74641148325,0.771422719368759,0.727836821171999,0.203934203811103,0.0829678007083619,0.123990761146929,0.245476516477224,0.123990761146929,0.00417163395432056,0,1590.25327397791,0.002117013231,717363.847276706,1e-04,0,0.0817019939422607,531.675441265106,"5_666_2",5,666,2,4657,FALSE,TRUE,3,0.031581897509109,5,FALSE
"101",6.786849199669,0.199676803827,0.576903469812,1.7339851934,4.188567158938,0.732541643448,0.801467184813,2.259203379,8.445451628846,0.886586960232,0.158348809484,1.115624808,0.74641148325,0.771470381923642,0.727849200295363,0.201614392870731,0.0829591501033901,0.123987941304824,0.245833927165022,0.123987941304824,0.00377490502023747,0,1590.25327397791,0.002117013231,717363.847276706,1e-04,0,0.0938248634338379,534.72492313385,"5_670_4",5,670,4,4687,FALSE,TRUE,2,0.0316710342591587,5,FALSE
"102",6.017613926158,0.245646476135,0.481030222223,1.797031461,4.285364922531,0.752851684638,0.849696776894,2.0963454002,8.091536294425,0.895389890157,0.158995258581,1.0952730866,0.74641148325,0.76895109833171,0.727831590740777,0.24191876729788,0.0834151627402459,0.123991952568258,0.239548437296145,0.123991952568258,0.010243518036218,0,1830.11775351871,0.002451416016,717363.847276706,1e-04,0,0.0921170711517334,535.015376329422,"5_670_7",5,670,7,4690,FALSE,TRUE,4,0.0301331171437212,5,FALSE
"103",6.597616103246,0.210690146919,0.541504686797,1.7317285022,4.398518516764,0.7354443934,0.81291185083,2.1413144944,8.909521471025,0.890038949565,0.15878795987,1.10486406662,0.74641148325,0.768844715346851,0.728070557342365,0.158091244158517,0.0834343641575567,0.123937507523897,0.252445702876014,0.123937507523897,0.00989416405556919,0,1760.22061479184,0.002353970167,717363.847276706,1e-04,0,0.0823168754577637,536.779968261719,"5_673_3",5,673,3,4707,FALSE,TRUE,1,0.0334167016560662,5,FALSE
"104",6.039235759875,0.254138176709,0.487578843914,1.815160653,4.653324162555,0.765902839726,0.854704718695,2.0218494038,8.759656028708,0.860142933221,0.160370866344,1.09973254108,0.74641148325,0.770683837143283,0.727282873887859,0.246593460350092,0.083101790341367,0.12411687929422,0.23880870978387,0.12411687929422,0.00219191340182799,0,1856.99475633929,0.00248888611,717363.847276706,1e-04,0,0.0954289436340332,538.270005226135,"5_675_4",5,675,4,4722,FALSE,TRUE,3,0.0298694936992941,5,FALSE
"105",6.771065220232,0.21949680096,0.549405557845,1.7404944442,4.18971356194,0.732513300508,0.805998427128,2.247713478,7.80235591287,0.89406419217,0.159039641724,1.07131745814,0.74641148325,0.772235480203933,0.727629775529089,0.199554411595597,0.0828201634866879,0.124037914598099,0.246150871159997,0.124037914598099,0.00363616813469634,0,1617.69200187908,0.002155266444,717363.847276706,1e-04,0,0.0900599956512451,538.962438344955,"5_676_4",5,676,4,4729,FALSE,TRUE,4,0.0317513072679044,5,FALSE
"106",5.954485349644,0.234062324779,0.490969968995,1.7303233988,4.536760736838,0.738777912519,0.826870891002,2.0292201636,8.852592670009,0.892328692437,0.157534794302,1.09828290162,0.74641148325,0.767938542631823,0.728039426792967,0.157271490334011,0.0835977434890494,0.123944601519026,0.252568574255536,0.123944601519026,0.00547644094644676,0,1767.17039708445,0.002363659082,717363.847276706,1e-04,0,0.101805925369263,539.171499252319,"5_676_6",5,676,6,4731,FALSE,TRUE,1,0.0334020690577301,5,FALSE
"107",5.954485349644,0.234062324779,0.490969968995,1.7970691196,4.740605253291,0.763144669651,0.860305185383,1.9336480912,8.732700315616,0.892328692437,0.157534794302,1.09828290162,0.74641148325,0.769095199480113,0.728214991607336,0.235121157952709,0.0833891463959933,0.123904588689794,0.240620039248859,0.123904588689794,0.0150449566431625,0,1767.17039708445,0.002363659082,717363.847276706,1e-04,0,0.0880331993103027,546.18957233429,"5_685_3",5,685,3,4791,FALSE,TRUE,1,0.0304978850022876,5,FALSE
"108",5.949258891779,0.242982239508,0.474265632776,1.812130369,4.862936452642,0.768862791224,0.861886729356,1.8862651626,8.981738644465,0.873611714846,0.158896073955,1.0650415928,0.74641148325,0.7705175394661,0.72790478407022,0.211967744335408,0.0831319171540083,0.123975279079052,0.244234756018124,0.123975279079052,0.00145877197297202,0,1715.59091483978,0.002291750467,717363.847276706,1e-04,0,0.0833020210266113,553.319810152054,"5_695_5",5,695,5,4863,FALSE,TRUE,1,0.0312543523559636,5,FALSE
"109",6.463763494301,0.242982239508,0.474265632776,1.812130369,4.862936452642,0.768862791224,0.861886729356,1.8862651626,8.876804431927,0.871779920495,0.159898606445,1.0703065248,0.74641148325,0.770536154471239,0.727892416634387,0.215844688574927,0.0831285453659314,0.123978096546609,0.243633224790912,0.123978096546609,0.0115842224375983,0,1710.0310890057,0.002283999335,717363.847276706,1e-04,0,0.0838379859924316,556.197009325027,"5_699_7",5,699,7,4893,FALSE,TRUE,4,0.0311959136337429,5,FALSE
"110",5.954485349644,0.234062324779,0.490969968995,1.7303233988,4.536760736838,0.738777912519,0.826870891002,2.0292201636,8.852592670009,0.892328692437,0.157534794302,1.09828290162,0.74641148325,0.767938542631823,0.728039426792967,0.157271490334011,0.0835977434890494,0.123944601519026,0.252568574255536,0.123944601519026,0.00547644094644676,0,1767.17039708445,0.002363659082,717363.847276706,1e-04,0,0.103085994720459,558.24330329895,"5_702_4",5,702,4,4911,FALSE,TRUE,1,0.0334020690577301,NA,NA
"111",6.776059335143,0.221474666739,0.546433776022,1.7399645412,4.166231646879,0.73593263227,0.80393843384,2.2468872498,8.2850627883,0.878213629391,0.158841517934,1.0649987051,0.74641148325,0.771913049081283,0.727370734091742,0.159039143278838,0.0828787642606351,0.124096884560268,0.252303549435656,0.124096884560268,0.00208678430914122,0,1696.07089243565,0.002264536976,717363.847276706,1e-04,0,0.107954978942871,562.345877170563,"5_705_7",5,705,7,4935,FALSE,TRUE,2,0.0333176674196952,5,FALSE
"112",6.701264493165,0.214064922611,0.53763367247,1.772489634,4.511260497554,0.752183157934,0.834459596152,2.079491539,8.809469557576,0.889559798574,0.158547573362,1.10356415464,0.74641148325,0.769636490758901,0.728140392265694,0.21765675699662,0.0832913478619975,0.123921592141562,0.243351561572672,0.123921592141562,0.0174131833929496,0,1768.72361568303,0.002365824474,717363.847276706,1e-04,0,0.0853757858276367,563.976125240326,"5_708_1",5,708,1,4950,FALSE,TRUE,2,0.0312490426826859,5,FALSE
"113",5.615065315918,0.222645740843,0.534446306837,1.7573427534,4.659404628167,0.749198106389,0.828282226836,2.0786230538,8.642946702483,0.899333259259,0.156954671298,1.11886822626,0.74641148325,0.769609635749291,0.728226571358587,0.218139374935703,0.0832962026342856,0.123901949104175,0.243276489698223,0.123901949104175,0.0394209277580842,0,1772.77090772706,0.002371466934,717363.847276706,1e-04,0,0.135288000106812,565.799059152603,"5_710_3",5,710,3,4966,FALSE,TRUE,1,0.0321485210478391,5,FALSE
"114",5.502002428987,0.23372730733,0.487303102334,1.8024238948,4.787560061049,0.767251729066,0.859620571217,1.912563127,8.967922609291,0.883620509598,0.158357087463,1.06589120374,0.74641148325,0.769770734857704,0.728019978340328,0.223130725516158,0.0832670753515059,0.123949033204822,0.242498715252629,0.123949033204822,0.0146437014165215,0,1736.62756175087,0.002321078333,717363.847276706,1e-04,0,0.100028991699219,566.049538135529,"5_710_5",5,710,5,4968,FALSE,TRUE,3,0.0309665231682725,5,FALSE
"115",5.682949322843,0.224929057648,0.490969968995,1.7303233988,4.536760736838,0.738777912519,0.826870891002,2.0292201636,8.852592670009,0.892328692437,0.157534794302,1.09828290162,0.74641148325,0.767331112442288,0.728005014040488,0.158595833416482,0.0837070822125695,0.123952442986493,0.25237004118411,0.123952442986493,0.0154723048037679,0,1767.17039708445,0.002363659082,717363.847276706,1e-04,0,0.102291822433472,566.386717319489,"5_711_1",5,711,1,4971,FALSE,TRUE,4,0.0334946074315928,5,FALSE
"116",6.387756089214,0.231160104288,0.499041956249,1.8190917122,4.554289092723,0.738405868044,0.869506632655,2.0458383994,8.723913542657,0.88916957843,0.159240774604,1.11096387236,0.74641148325,0.768162561127893,0.727960705966153,0.197621183014305,0.0835573835715532,0.123962538522612,0.246447942520048,0.123962538522612,0.0142968159163004,0,1905.000425324,0.002555812357,717363.847276706,1e-04,0,0.114969968795776,567.782527208328,"5_712_7",5,712,7,4984,FALSE,TRUE,4,0.0319636007099569,5,FALSE
"117",6.384082541474,0.214524918755,0.496165530895,1.8180735936,4.70793673592,0.767451597345,0.8260300886,2.0652893552,8.829542553638,0.887652566399,0.158481389669,1.09557219636,0.74641148325,0.768149304712041,0.72814786154188,0.250672891553566,0.0835597724341888,0.123919889772161,0.238161299669984,0.123919889772161,0.0197547742952702,0,1772.91090449751,0.002371662108,717363.847276706,1e-04,0,0.0967609882354736,568.773086309433,"5_714_2",5,714,2,4993,FALSE,TRUE,2,0.0299996551013705,5,FALSE
