"","x.1._alphas","x.1._gammas","x.1._thetas","x.2._alphas","x.2._gammas","x.2._thetas","x.3._alphas","x.3._gammas","x.3._thetas","train_size","rsq_train","rsq_val","rsq_test","nrmse_train","nrmse_val","nrmse_test","nrmse","decomp.rssd","mape","lambda","lambda_hp","lambda_max","lambda_min_ratio","pos","Elapsed","ElapsedAccum","solID","trial","iterNG","iterPar","iterations","coef0","mape.qt10","robynPareto","error_score","cluster","top_sol"
"1",6.444121698195,0.187879391205,0.111508070769,5.598617520275,0.717402683818,0.872358633294,7.620629968089,0.0867638705288,0.229367099875,0.74641148325,0.772790201529162,0.724416457864399,0.460637900420924,0.0827192475976651,0.124767444695663,0.202057828954644,0.124767444695663,0.0106480637984386,0,1758.44024627945,0.002351488098,717363.847276706,1e-04,0,0.0600409507751465,218.410560846329,"1_376_5",1,376,5,2630,FALSE,TRUE,3,0.0422198412760701,1,FALSE
"2",7.103959650294,0.208673984173,0.139459458473,5.46184231627,0.711659809832,0.866668994747,7.016206292383,0.0731193332613,0.20413006719,0.74641148325,0.771048978163976,0.725839742497723,0.463184730422333,0.0830356023305403,0.124444839321221,0.20158021302263,0.124444839321221,0.00841433894428572,0,1828.48124798125,0.002449134511,717363.847276706,1e-04,0,0.0680108070373535,220.019585847855,"1_379_7",1,379,7,2653,FALSE,TRUE,2,0.041965423082756,1,FALSE
"3",7.103959650294,0.208673984173,0.149508442154,5.209479078174,0.711659809832,0.866668994747,7.016206292383,0.0731193332613,0.20413006719,0.74641148325,0.770774727313233,0.725543469817454,0.463746638165156,0.083085319883444,0.124512062140046,0.201474684039517,0.124512062140046,0.00269060273085611,0,1828.48124798125,0.002449134511,717363.847276706,1e-04,0,0.0694210529327393,222.120533943176,"1_384_2",1,384,2,2683,FALSE,TRUE,1,0.0418894693964752,1,TRUE
"4",6.88690965182,0.212528134958,0.144252901997,4.478393679662,0.743100070071,0.866668994747,7.016206292383,0.0731193332613,0.20413006719,0.74641148325,0.77107309484806,0.725636932515894,0.464389701483735,0.083031228914535,0.124490859831241,0.201353845781771,0.124490859831241,0.0110903991885924,0,1828.48124798125,0.002449134511,717363.847276706,1e-04,0,0.0584239959716797,224.211328983307,"1_388_4",1,388,4,2713,FALSE,TRUE,3,0.0418778178168444,1,FALSE
"5",7.184844800136,0.196350962026,0.0939318043713,5.956336508413,0.671477621692,0.87515593658,6.0277895795,0.0696566253646,0.200701167394,0.74641148325,0.771370000767899,0.726318955004347,0.463818085168355,0.0829773679194759,0.124336031417428,0.201461261986698,0.124336031417428,0.00323440573748826,0,1839.9439216481,0.002465114993,717363.847276706,1e-04,0,0.0577430725097656,228.312710046768,"1_396_7",1,396,7,2772,FALSE,TRUE,1,0.0418835513207726,5,FALSE
"6",8.912066756684,0.217524727123,0.0891869996143,5.367930326495,0.702081287716,0.874774074604,6.211855564644,0.0627804856672,0.198242060103,0.74641148325,0.773954947177253,0.730830977392165,0.489272923496971,0.0825069533269731,0.123306843469084,0.196621004666821,0.123306843469084,0.0211812193161737,0,1742.94063539749,0.002329879592,717363.847276706,1e-04,0,0.0591449737548828,229.569305896759,"1_399_3",1,399,3,2789,FALSE,TRUE,4,0.0397202313260528,5,FALSE
"7",4.973522218791,0.189476658096,0.107666761082,5.743403777109,0.685346544914,0.875779740072,6.761942522438,0.0696718517249,0.208582676314,0.74641148325,0.769789481009233,0.724434279349471,0.431124434946848,0.0832636853198638,0.124763410388888,0.207512426804602,0.124763410388888,0.003778090522029,0,1943.65740530149,0.002609705296,717363.847276706,1e-04,0,0.0600531101226807,241.110875844955,"1_420_3",1,420,3,2936,FALSE,TRUE,2,0.0448661166182534,8,FALSE
"8",7.914115315428,0.201014812027,0.0467308068995,5.763892455488,0.718107887155,0.860206564572,7.146555105465,0.0515423720873,0.220816785592,0.74641148325,0.782351602194117,0.736397183145448,0.601150012040396,0.0809600531284888,0.122025238464075,0.173756180384077,0.122025238464075,0.139119715506039,0,1400.18058174776,0.001852026778,717363.847276706,1e-04,0,0.0605831146240234,244.066861867905,"1_426_1",1,426,1,2976,FALSE,TRUE,4,0.0410491872468774,1,FALSE
"9",8.652775244733,0.185459211802,0.10211779015,5.275131812948,0.699560380427,0.879455661682,6.90242364987,0.0553641716304,0.177204608474,0.74641148325,0.772968239051947,0.729946139287101,0.504059790804485,0.0826868325870941,0.123509350193921,0.193753755839647,0.123509350193921,0.0154096704431487,0,1689.73536109033,0.002255704408,717363.847276706,1e-04,0,0.0605649948120117,244.350954055786,"1_426_5",1,426,5,2980,FALSE,TRUE,4,0.0381985664681945,5,TRUE
"10",8.446930457775,0.216831916324,0.070255592036,5.038770316362,0.694787491987,0.87931602798,6.108105603008,0.0583335802506,0.18976187871,0.74641148325,0.773711916173805,0.730657239738758,0.478609903658019,0.0825512948435733,0.123346631825143,0.198662939986519,0.123346631825143,0.0132185510108902,0,1794.2074973523,0.002401352373,717363.847276706,1e-04,0,0.0706980228424072,245.760378837585,"1_429_3",1,429,3,2999,FALSE,TRUE,3,0.0405789963652703,5,FALSE
"11",2.772815291055,0.099551993397,0.0772789672725,7.942909163476,0.798237468352,0.894924133399,7.805596072488,0.0748119806335,0.228259141812,0.74641148325,0.7621618424646,0.712524158869334,0.234738609678761,0.0846318458656948,0.127431066640158,0.240680203858688,0.127431066640158,0.00182549422025333,0,2246.4822393269,0.003031883136,717363.847276706,1e-04,0,0.0672249794006348,171.747722864151,"2_304_2",2,304,2,2123,FALSE,TRUE,1,0.0612073641522856,8,FALSE
"12",4.150650996969,0.156013788218,0.01191106137864,2.139405240158,0.722115722784,0.835515959669,8.767899322005,0.0639572857731,0.269664226531,0.74641148325,0.782254921178668,0.737219482443948,0.646240364252013,0.0809780326569005,0.1218347631797,0.163640051865259,0.1218347631797,0.247960310397195,0,1476.29731159231,0.001958143559,717363.847276706,1e-04,0,0.0721969604492188,182.658540964127,"2_319_4",2,319,4,2230,FALSE,TRUE,2,0.0582628382184718,7,FALSE
"13",3.985639700698,0.174506793482,0.042583007067,0.3443606484483,0.862710007302,0.837813243511,8.827124085414,0.0637092197844,0.264537882957,0.74641148325,0.782386805064977,0.737078570459002,0.651644974839397,0.0809535055462981,0.121867424804649,0.162385224228487,0.121867424804649,0.404191250145588,0,1502.86175509286,0.001995177904,717363.847276706,1e-04,0,0.0707669258117676,200.765204906464,"2_347_6",2,347,6,2428,TRUE,TRUE,4,0.0902186916637428,3,FALSE
"14",4.01365258385,0.202859188753,0.139193693081,3.717516707619,0.820100735406,0.89830180435,8.88310782167,0.0824730785615,0.312560863674,0.74641148325,0.782060303658193,0.732269387339802,0.549562368308664,0.0810142130935074,0.122976932954753,0.184651484131958,0.122976932954753,0.0334058333941193,0,1353.59481186345,0.001787080058,717363.847276706,1e-04,0,0.0713160037994385,205.42657494545,"2_355_4",2,355,4,2482,FALSE,TRUE,4,0.0342915819198511,3,FALSE
"15",4.12454651731,0.106285972718,0.124010047975,6.794713352302,0.696780626517,0.892593834829,7.276071625246,0.099368333086,0.285754530657,0.74641148325,0.773216925090291,0.718714432480251,0.436373778658003,0.082641533429587,0.126051601089103,0.206552789327974,0.126051601089103,0.00482372474568001,0,1623.5960726949,0.002163497499,717363.847276706,1e-04,0,0.076505184173584,211.828729867935,"2_363_7",2,363,7,2541,FALSE,TRUE,3,0.0443960283972449,8,FALSE
"16",4.01365258385,0.202859188753,0.139193693081,3.717516707619,0.820100735406,0.89830180435,8.45093583091,0.10297602516,0.312080318765,0.74641148325,0.782139466588315,0.724415391748939,0.523954296453169,0.0809994982318131,0.124767686031506,0.189827791192626,0.124767686031506,0.0116571616172078,0,1360.05764175698,0.001796090097,717363.847276706,1e-04,0,0.0690929889678955,214.458564996719,"2_368_3",2,368,3,2572,FALSE,TRUE,4,0.0362130346684667,3,FALSE
"17",3.764788647516,0.107991912703,0.01585678693631,5.543555535012,0.698589034872,0.887453468771,7.420990857665,0.095058909476,0.277275244871,0.74641148325,0.775070705311612,0.723026455191937,0.463567690625435,0.0823030743132518,0.12508170320481,0.201508297247695,0.12508170320481,0.00613561185963541,0,1640.86318386878,0.002187570134,717363.847276706,1e-04,0,0.0689969062805176,214.69149184227,"2_368_6",2,368,6,2575,FALSE,TRUE,3,0.0419160525962736,8,TRUE
"18",4.143797704209,0.172539552167,0.01450235519963,3.902104680931,0.637783873888,0.897706595312,8.568090964043,0.0707600940184,0.271801527711,0.74641148325,0.783245384771824,0.735564671738584,0.595977041500708,0.0807936491330881,0.122217776848407,0.174879334410215,0.122217776848407,0.0584798916674862,0,1418.67867664692,0.001877815567,717363.847276706,1e-04,0,0.073793888092041,215.484272956848,"2_370_1",2,370,1,2584,FALSE,TRUE,1,0.0313010344401573,2,FALSE
"19",5.539651893616,0.220115607458,0.104373366812,3.397806554865,0.84412916776,0.890774934264,8.891390279902,0.0745909276489,0.243880387547,0.74641148325,0.779274407515296,0.732798704500301,0.529650355043094,0.0815303661766379,0.12285530695614,0.188688694509032,0.12285530695614,0.016974538780627,0,1513.40487175022,0.002009876402,717363.847276706,1e-04,0,0.0781960487365723,215.821576833725,"2_370_5",2,370,5,2588,FALSE,TRUE,1,0.0357403970760021,3,FALSE
"20",4.143797704209,0.172539552167,0.01450235519963,3.975070531682,0.637783873888,0.897706595312,8.568090964043,0.0707600940184,0.271801527711,0.74641148325,0.783236481897326,0.735553481067085,0.594891303023197,0.0807953083557346,0.122220362895686,0.175114155015014,0.122220362895686,0.057785444918931,0,1418.67867664692,0.001877815567,717363.847276706,1e-04,0,0.0762259960174561,218.008563995361,"2_374_3",2,374,3,2614,FALSE,TRUE,1,0.0313487610918744,2,FALSE
"21",4.410059623448,0.18062182435,0.0226303257347,3.817272694541,0.661119435546,0.892164528733,8.624178529405,0.0715372600587,0.271564980129,0.74641148325,0.783122308340917,0.735417830271814,0.59153622020785,0.0808165837838858,0.122251706026812,0.175837801597507,0.122251706026812,0.063244141030213,0,1431.84798263174,0.00189617532,717363.847276706,1e-04,0,0.0746381282806396,218.102200984955,"2_374_4",2,374,4,2615,FALSE,TRUE,3,0.0321507129678711,2,FALSE
"22",4.52085365823,0.185347791367,0.0371449180844,5.527449959901,0.62402409813,0.884444055968,8.728932307249,0.0595038771532,0.257363790359,0.74641148325,0.782079377713293,0.736532676782227,0.598072218206601,0.081010667839012,0.121993873532768,0.174425301591264,0.121993873532768,0.108109216452381,0,1470.54831144065,0.001950128693,717363.847276706,1e-04,0,0.0752689838409424,218.463904857635,"2_375_1",2,375,1,2619,FALSE,TRUE,2,0.0367137452715569,10,FALSE
"23",4.965935921886,0.172539552167,0.01450235519963,3.902104680931,0.637783873888,0.897706595312,8.568090964043,0.0707600940184,0.271801527711,0.74641148325,0.782528225318611,0.735825056198687,0.592172951839556,0.0809271966501439,0.122157589263157,0.175700696225433,0.122157589263157,0.0595446112482652,0,1418.67867664692,0.001877815567,717363.847276706,1e-04,0,0.0731492042541504,220.705546855927,"2_378_5",2,378,5,2644,FALSE,TRUE,1,0.0317640515927735,2,FALSE
"24",4.52085365823,0.185347791367,0.0371449180844,5.527449959901,0.62402409813,0.882218086402,8.118936394005,0.0595038771532,0.257363790359,0.74641148325,0.782164655317659,0.736080798671005,0.59917519838033,0.0809948155722629,0.122098445787963,0.174185806054596,0.122098445787963,0.11676549243389,0,1470.54831144065,0.001950128693,717363.847276706,1e-04,0,0.0952160358428955,221.215328931808,"2_379_3",2,379,3,2649,FALSE,TRUE,4,0.0378337264793289,10,FALSE
"25",5.948566883832,0.185038127081,0.0221809612993,4.170554012808,0.759586371954,0.886616910779,8.891786981632,0.0754428411313,0.254301746071,0.74641148325,0.780701008262017,0.733986601248782,0.532573992539627,0.0812664642283779,0.122581913854398,0.188101347115248,0.122581913854398,0.0217507324033402,0,1518.46543286615,0.002016931493,717363.847276706,1e-04,0,0.0715701580047607,221.740983009338,"2_380_2",2,380,2,2655,FALSE,TRUE,1,0.0355633571657809,7,FALSE
"26",3.961117233592,0.143175969334,0.010316563120466,1.134473602403,0.710611904074,0.876000056635,8.672207949621,0.0705515092307,0.278689602344,0.74641148325,0.782612164315826,0.736832611636931,0.655208963293733,0.0809115771442327,0.121924413999951,0.161552414451132,0.121924413999951,0.403809802151398,0,1429.31531600157,0.001892644448,717363.847276706,1e-04,0,0.0726220607757568,221.906101942062,"2_380_4",2,380,4,2657,TRUE,TRUE,4,0.0900364067457778,7,FALSE
"27",5.152219289631,0.210192821149,0.0977623386236,4.069782357262,0.872098679691,0.880483880907,8.275659577334,0.0895275227546,0.263786494227,0.74641148325,0.77727204645999,0.726309294600044,0.463126355864833,0.0818993416343536,0.12433822580713,0.201591172878397,0.12433822580713,0.00981570552481373,0,1655.21281697542,0.002207575419,717363.847276706,1e-04,0,0.0755460262298584,222.085520982742,"2_380_6",2,380,6,2659,FALSE,TRUE,2,0.0419822854699824,3,FALSE
"28",5.260481055375,0.172539552167,0.01450235519963,3.902104680931,0.637783873888,0.897706595312,8.568090964043,0.0707600940184,0.271801527711,0.74641148325,0.782327672713974,0.735886707005206,0.591105268227722,0.0809645036063143,0.122143334403802,0.175930536468574,0.122143334403802,0.0604540145704352,0,1418.67867664692,0.001877815567,717363.847276706,1e-04,0,0.0864648818969727,223.480667829514,"2_382_7",2,382,7,2674,FALSE,TRUE,2,0.0319462685373947,2,FALSE
"29",5.890820293082,0.172539552167,0.01450235519963,2.803703463887,0.686581743607,0.897037348954,8.255272136244,0.0550672393462,0.253422728582,0.74641148325,0.783798260507736,0.73682280379394,0.641850511456311,0.0806905432113201,0.121926685946288,0.164652237603025,0.121926685946288,0.116732731192761,0,1320.76047641865,0.001741304655,717363.847276706,1e-04,0,0.090087890625,226.954741954803,"2_387_2",2,387,2,2704,FALSE,TRUE,2,0.0344365924379149,7,FALSE
"30",4.410059623448,0.18062182435,0.0226303257347,3.817272694541,0.55244114003,0.898495394035,8.999581051616,0.0697040620976,0.287683381822,0.74641148325,0.781039580565454,0.735438282088493,0.590093674508864,0.0812037069812872,0.122246980996018,0.176148025561096,0.122246980996018,0.0892843266090906,0,1557.56443621676,0.002071440671,717363.847276706,1e-04,0,0.0943331718444824,227.060652017593,"2_387_3",2,387,3,2705,FALSE,TRUE,4,0.0350040108487453,2,FALSE
"31",4.52085365823,0.185347791367,0.0371449180844,5.527449959901,0.62402409813,0.884444055968,8.728932307249,0.0595038771532,0.257363790359,0.74641148325,0.782079377713293,0.736532676782227,0.598072218206601,0.081010667839012,0.121993873532768,0.174425301591264,0.121993873532768,0.108109216452381,0,1470.54831144065,0.001950128693,717363.847276706,1e-04,0,0.0898499488830566,227.476269960403,"2_387_7",2,387,7,2709,FALSE,TRUE,2,0.0367137452715569,NA,NA
"32",3.805616846689,0.156420244276,0.0244488535232,1.134473602403,0.710611904074,0.876000056635,8.672207949621,0.0705515092307,0.278689602344,0.74641148325,0.783384253850546,0.736751360933125,0.657632487333798,0.0807677637851914,0.121943234112875,0.160983640102395,0.121943234112875,0.403352139056766,0,1429.31531600157,0.001892644448,717363.847276706,1e-04,0,0.110379934310913,228.260661840439,"2_389_1",2,389,1,2717,TRUE,TRUE,4,0.0898713232304125,7,FALSE
"33",4.542700881136,0.168695325683,0.0302353770875,4.09807828517,0.882821109106,0.883953551603,8.926608557255,0.0812264643636,0.24716043689,0.74641148325,0.776988099363796,0.729148791164341,0.46135123311708,0.0819515301289768,0.123691549706972,0.201924169077752,0.123691549706972,0.0129785290584173,0,1683.82700732332,0.002247467382,717363.847276706,1e-04,0,0.0767970085144043,228.971859931946,"2_390_1",2,390,1,2724,FALSE,TRUE,3,0.0421800549352058,3,FALSE
"34",4.52085365823,0.154321486949,0.043287802962,5.742209425043,0.721466096565,0.875572308306,8.915259772742,0.0569466797849,0.24514299468,0.74641148325,0.779697836134462,0.735605068500021,0.570548000065234,0.0814521268063696,0.122208441123523,0.180298778410103,0.122208441123523,0.0977807871600924,0,1470.54831144065,0.001950128693,717363.847276706,1e-04,0,0.0714950561523438,230.261936903,"2_392_2",2,392,2,2739,FALSE,TRUE,4,0.0377250894088296,10,FALSE
"35",5.296338944258,0.171817515904,0.0940777705657,4.170554012808,0.875337392984,0.881071581905,8.940360251898,0.0706282642102,0.23418862103,0.74641148325,0.776441621420584,0.731906646166721,0.500297180773765,0.0820518774680046,0.123060213863283,0.194487354665044,0.123060213863283,0.0139613445536041,0,1577.75413975063,0.002099587786,717363.847276706,1e-04,0,0.06968092918396,230.763350963593,"2_393_1",2,393,1,2745,FALSE,TRUE,3,0.0385362113207549,3,FALSE
"36",5.149040731291,0.206487398976,0.0914121347252,3.59795270938,0.773446927663,0.892590384032,8.860866262303,0.0731189784984,0.270347854755,0.74641148325,0.783495439710088,0.73504500369476,0.597794547440141,0.0807470326378658,0.122337809032259,0.17448554182265,0.122337809032259,0.056753516750159,0,1297.42856791649,0.001708776891,717363.847276706,1e-04,0,0.0704529285430908,231.251749992371,"2_393_7",2,393,7,2751,FALSE,TRUE,2,0.0309765467722728,3,FALSE
"37",5.655184186111,0.172539552167,0.01450235519963,2.803703463887,0.686581743607,0.897037348954,8.255272136244,0.0550672393462,0.253422728582,0.74641148325,0.783920556951686,0.736773300358386,0.642509475147237,0.0806677183200468,0.121938152566728,0.164500695016478,0.121938152566728,0.116269685034236,0,1320.76047641865,0.001741304655,717363.847276706,1e-04,0,0.0709280967712402,232.417531967163,"2_395_6",2,395,6,2764,FALSE,TRUE,2,0.0343123152421519,7,FALSE
"38",5.019421265222,0.128032866309,0.0395442820339,4.737999450548,0.721564726721,0.896815470174,8.80727915846,0.0597775500706,0.244381873711,0.74641148325,0.778359877447212,0.734922797543304,0.557466679782498,0.0816990935478425,0.122366018934912,0.183024174837411,0.122366018934912,0.0415240654523362,0,1406.67530101395,0.001861081275,717363.847276706,1e-04,0,0.0695819854736328,232.590552806854,"2_396_1",2,396,1,2766,FALSE,TRUE,3,0.033910677770727,10,FALSE
"39",3.985965293326,0.185686021538,0.0387809202496,6.041983564163,0.654103949581,0.885788367593,8.690437741266,0.0683256397986,0.268886246025,0.74641148325,0.782361657777259,0.735410826930876,0.571719527159663,0.0809581828874097,0.122253323982989,0.180052686700169,0.122253323982989,0.0861002028176388,0,1486.49634967971,0.001972362366,717363.847276706,1e-04,0,0.0694990158081055,233.58083987236,"2_397_6",2,397,6,2778,FALSE,TRUE,4,0.0362820660369535,10,FALSE
"40",6.312894760792,0.172539552167,0.01450235519963,2.745330783466,0.686581743607,0.897037348954,8.255272136244,0.0550672393462,0.253422728582,0.74641148325,0.783634486140844,0.736922984559728,0.642336295458997,0.080721099258151,0.121903477492867,0.164540534855285,0.121903477492867,0.120754018712839,0,1320.76047641865,0.001741304655,717363.847276706,1e-04,0,0.0688381195068359,234.921730995178,"2_400_1",2,400,1,2794,FALSE,TRUE,2,0.0350366760915926,7,FALSE
"41",3.118440913213,0.128032866309,0.0395442820339,4.737999450548,0.721564726721,0.896815470174,8.80727915846,0.0597775500706,0.244381873711,0.74641148325,0.780037748440184,0.735004176810663,0.566135656760602,0.0813892648088968,0.122347234178468,0.181222638495166,0.122347234178468,0.0360894256505733,0,1406.67530101395,0.001861081275,717363.847276706,1e-04,0,0.069922924041748,235.078258991241,"2_400_3",2,400,3,2796,FALSE,TRUE,1,0.0327651651563428,10,TRUE
"42",5.745710850243,0.203905017696,0.0827257314144,4.28688245341,0.838123371487,0.895631933578,8.730626332505,0.0783809309363,0.253596141433,0.74641148325,0.779323669868742,0.732139006956154,0.494739025299112,0.0815212675447292,0.123006873177068,0.195565997381489,0.123006873177068,0.0274152394879002,0,1501.49171783626,0.001993267891,717363.847276706,1e-04,0,0.0694129467010498,235.156586885452,"2_400_4",2,400,4,2797,FALSE,TRUE,4,0.0393713351244654,3,FALSE
"43",5.539651893616,0.233437580023,0.104373366812,3.397806554865,0.84412916776,0.890774934264,8.891390279902,0.0745909276489,0.243880387547,0.74641148325,0.78009796702266,0.732440458554141,0.532635045710098,0.0813781231661588,0.122937637532496,0.188089062220467,0.122937637532496,0.0126194317456138,0,1513.40487175022,0.002009876402,717363.847276706,1e-04,0,0.0694069862365723,235.234706878662,"2_400_5",2,400,5,2798,FALSE,TRUE,1,0.0353710302452784,3,FALSE
"44",5.149040731291,0.206487398976,0.0914121347252,3.59795270938,0.773446927663,0.892590384032,8.860866262303,0.0618512332051,0.262760056248,0.74641148325,0.785295004174047,0.735795210822269,0.638873795240325,0.0804107517270195,0.122164489494144,0.165335065321774,0.122164489494144,0.0948396439494313,0,1188.03066048561,0.00155626175,717363.847276706,1e-04,0,0.0729849338531494,236.353343009949,"2_402_4",2,402,4,2811,FALSE,TRUE,3,0.0314247297921303,3,FALSE
"45",5.745710850243,0.203905017696,0.0576068939423,4.597258201961,0.610217536763,0.895631933578,8.730626332505,0.0783809309363,0.253596141433,0.74641148325,0.780611122405342,0.733209503885679,0.564979484352629,0.0812831171945904,0.12276083080974,0.181463941124292,0.12276083080974,0.0339317522527453,0,1501.49171783626,0.001993267891,717363.847276706,1e-04,0,0.0953619480133057,237.861465930939,"2_404_6",2,404,6,2827,FALSE,TRUE,4,0.0327782197913846,2,TRUE
"46",6.885270673233,0.179822474588,0.0191831864567,1.971402484528,0.872098679691,0.880483880907,8.275659577334,0.0690779287191,0.248690464014,0.74641148325,0.779748445379013,0.735476848538831,0.58678519207105,0.0814427704130731,0.122238070402319,0.176857469865128,0.122238070402319,0.0694940092986949,0,1553.86605729153,0.002066284642,717363.847276706,1e-04,0,0.0870771408081055,239.162772893906,"2_406_4",2,406,4,2839,FALSE,TRUE,3,0.0331862782858007,3,FALSE
"47",5.865132051322,0.212216850872,0.0226303257347,3.817272694541,0.661119435546,0.890517456018,8.656181362448,0.0614259103931,0.23793794717,0.74641148325,0.784156223442141,0.736297436356173,0.601188134800656,0.0806237162990385,0.122048323336005,0.173747876230008,0.122048323336005,0.0630251993111792,0,1443.90222431746,0.001912980526,717363.847276706,1e-04,0,0.104432106018066,240.861363887787,"2_408_6",2,408,6,2855,FALSE,TRUE,2,0.0311962680902157,2,FALSE
"48",3.118440913213,0.128032866309,0.0395442820339,4.737999450548,0.721564726721,0.896815470174,8.80727915846,0.0597775500706,0.244381873711,0.74641148325,0.780037748440184,0.735004176810663,0.566135656760602,0.0813892648088968,0.122347234178468,0.181222638495166,0.122347234178468,0.0360894256505733,0,1406.67530101395,0.001861081275,717363.847276706,1e-04,0,0.0900399684906006,240.962310791016,"2_408_7",2,408,7,2856,FALSE,TRUE,1,0.0327651651563428,NA,NA
"49",5.939073852877,0.195789228558,0.0935414632763,2.718068205714,0.863297854972,0.89696224844,8.730626332505,0.0702619914742,0.258211363525,0.74641148325,0.779967571267126,0.73528596723681,0.570785985891565,0.0814022470660532,0.122282166267137,0.180248814153341,0.122282166267137,0.041999842900296,0,1412.50884264839,0.001869214003,717363.847276706,1e-04,0,0.163287162780762,241.161238908768,"2_409_1",2,409,1,2857,FALSE,TRUE,1,0.0326173279462178,3,FALSE
"50",4.108358922833,0.159750928122,0.0332368816887,5.347742666579,0.62429309529,0.897883930482,8.657829866839,0.0744746850782,0.259063718216,0.74641148325,0.780757818931949,0.734203817046745,0.569803249645424,0.0812559372731916,0.122531855913413,0.180455046660939,0.122531855913413,0.0400974325774905,0,1450.48768677402,0.001922161531,717363.847276706,1e-04,0,0.0892741680145264,243.447470903397,"2_411_7",2,411,7,2877,FALSE,TRUE,4,0.032607627504789,10,FALSE
"51",5.275130592106,0.20427468774,0.0226303257347,3.817272694541,0.661119435546,0.892164528733,8.966621004727,0.0715372600587,0.248810078501,0.74641148325,0.783807263255978,0.735008957755115,0.589098105326377,0.0806888631966029,0.122346130504527,0.176361807566953,0.122346130504527,0.0469109478392876,0,1448.83809137282,0.001919861777,717363.847276706,1e-04,0,0.121486902236938,244.508379936218,"2_413_1",2,413,1,2885,FALSE,TRUE,2,0.0310948383841035,2,FALSE
"52",5.939073852877,0.195789228558,0.0935414632763,2.718068205714,0.863297854972,0.896249348294,8.730626332505,0.0702619914742,0.258211363525,0.74641148325,0.779991766926399,0.735299829476418,0.571789312950714,0.0813977712822013,0.122278964459391,0.180038016837936,0.122278964459391,0.0422485745834914,0,1412.50884264839,0.001869214003,717363.847276706,1e-04,0,0.131242036819458,244.767008781433,"2_413_3",2,413,3,2887,FALSE,TRUE,1,0.0325317704838742,3,FALSE
"53",4.751177519362,0.203025061168,0.0820099787917,3.61421345279,0.786063745574,0.890322727578,8.700896582305,0.0665329919107,0.243104461072,0.74641148325,0.778417142261193,0.733780147659364,0.523281848678231,0.0816885386321245,0.12262947267632,0.189961816380009,0.12262947267632,0.0269853995793368,0,1588.56067117633,0.002114653519,717363.847276706,1e-04,0,0.121803045272827,245.552346944809,"2_414_1",2,414,1,2892,FALSE,TRUE,2,0.0366255655512582,3,FALSE
"54",4.313040720239,0.171817515904,0.0553364861156,3.695271539666,0.656698636802,0.890517776863,8.392607120579,0.0588609751067,0.23418862103,0.74641148325,0.778091138509789,0.734867217309652,0.563579453237987,0.0817486086717974,0.122378846849553,0.181755710219987,0.122378846849553,0.0434366100461152,0,1577.75413975063,0.002099587786,717363.847276706,1e-04,0,0.114917993545532,245.935495853424,"2_414_4",2,414,4,2895,FALSE,TRUE,4,0.0334163445920706,2,FALSE
"55",4.664383876315,0.149210440339,0.0212187882979,3.355856287721,0.680251434466,0.898366795532,8.498034865238,0.0731189784984,0.270347854755,0.74641148325,0.782839566889159,0.735119439262571,0.615603183481348,0.0808692465439483,0.122320623238315,0.170578920074876,0.122320623238315,0.0674894725615505,0,1297.42856791649,0.001708776891,717363.847276706,1e-04,0,0.0795161724090576,246.672952890396,"2_415_3",2,415,3,2901,FALSE,TRUE,4,0.0302353441631886,7,FALSE
"56",4.109104252268,0.168240490204,0.01659073922152,4.119419860132,0.631014902526,0.89733404594,8.321122005536,0.0707078751107,0.260360816587,0.74641148325,0.781137212039903,0.734675604616796,0.570856475790017,0.0811856011482514,0.122423060742964,0.180234012397228,0.122423060742964,0.0369275130394898,0,1501.54074403475,0.00199333624,717363.847276706,1e-04,0,0.120083093643188,247.320639848709,"2_416_1",2,416,1,2906,FALSE,TRUE,3,0.0323333102895131,2,FALSE
"57",4.352347512944,0.125225072949,0.0289895554168,4.924133827922,0.712595862882,0.892267275762,8.597886935482,0.0677749943689,0.252966746338,0.74641148325,0.778794962425256,0.734346722154398,0.554557194279777,0.0816188654973068,0.122498911907003,0.183624845757475,0.122498911907003,0.0359479663442359,0,1424.09082566392,0.001885360818,717363.847276706,1e-04,0,0.0776739120483398,248.141815900803,"2_417_1",2,417,1,2913,FALSE,TRUE,1,0.0339122901504017,10,FALSE
"58",5.275130592106,0.178886579246,0.016127949307,3.064789990259,0.681489281977,0.896062784892,8.397541909581,0.0583612434887,0.248810078501,0.74641148325,0.782040071355918,0.736727615284243,0.603281404495164,0.0810179734594157,0.121948733772695,0.173291295448888,0.121948733772695,0.0687467571153391,0,1448.83809137282,0.001919861777,717363.847276706,1e-04,0,0.0773739814758301,248.315993785858,"2_417_3",2,417,3,2915,FALSE,TRUE,1,0.031545089289407,7,FALSE
"59",5.11878842026,0.160183879925,0.113575004722,3.328411339728,0.869677462726,0.896249348294,8.730626332505,0.0614759563035,0.236275640325,0.74641148325,0.778253426507318,0.734261705453504,0.554085256856775,0.0817187107118945,0.122518511929144,0.183722093366006,0.122518511929144,0.0270297233176014,0,1402.9061418551,0.001855826569,717363.847276706,1e-04,0,0.0770869255065918,248.504885911942,"2_417_5",2,417,5,2917,FALSE,TRUE,1,0.0335900383581149,3,FALSE
"60",5.539651893616,0.233437580023,0.104373366812,3.456179235286,0.84412916776,0.890774934264,8.891390279902,0.0745909276489,0.243880387547,0.74641148325,0.780099924388,0.73241998631367,0.530786912250667,0.0813777609888064,0.122942340711317,0.188460582074108,0.122942340711317,0.0127882041391449,0,1513.40487175022,0.002009876402,717363.847276706,1e-04,0,0.0816640853881836,248.596196889877,"2_417_6",2,417,6,2918,FALSE,TRUE,2,0.0355561275146597,3,FALSE
"61",7.63992127556,0.208305848044,0.0235441880587,2.209712517765,0.688674970385,0.887424508883,8.450860999049,0.051444871902,0.229605475873,0.74641148325,0.782679528453482,0.737609815490055,0.626279068664502,0.0808990397340272,0.121744243137112,0.168193489396544,0.121744243137112,0.128657070625861,0,1492.49067807913,0.001980719252,717363.847276706,1e-04,0,0.0874958038330078,248.936775922775,"2_418_2",2,418,2,2921,FALSE,TRUE,1,0.0375179310409492,6,FALSE
"62",5.970576664817,0.190693377719,0.0260426917248,4.601045853478,0.609065673843,0.855293708146,8.392607120579,0.0588609751067,0.23418862103,0.74641148325,0.780423361090882,0.736528353030178,0.596648972118583,0.0813178923415344,0.121994874547031,0.174733852979267,0.121994874547031,0.148838248520582,0,1577.75413975063,0.002099587786,717363.847276706,1e-04,0,0.0747008323669434,249.30918097496,"2_418_6",2,418,6,2925,FALSE,TRUE,4,0.0429259979089393,2,FALSE
"63",4.177091393372,0.125656867574,0.108587166152,6.149937531186,0.768366074036,0.895127123086,7.428450685947,0.095259253905,0.280860672794,0.74641148325,0.775404426251647,0.722261052812154,0.433732240972385,0.0822419963317257,0.125254412448456,0.207036247306519,0.125254412448456,0.00578600256406064,0,1568.78829608279,0.002087088215,717363.847276706,1e-04,0,0.0701351165771484,250.182814836502,"2_420_2",2,420,2,2935,FALSE,TRUE,3,0.0446377582023716,8,FALSE
"64",5.281617631367,0.200278340854,0.0842942033433,4.138517120251,0.631014902526,0.89733404594,8.321122005536,0.0866516496278,0.259344468093,0.74641148325,0.777801076581176,0.728812995786305,0.522272097123415,0.0818020189216703,0.123768200989581,0.190162891978259,0.123768200989581,0.0138931452474755,0,1588.47918822712,0.002114539921,717363.847276706,1e-04,0,0.0700500011444092,250.262617826462,"2_420_3",2,420,3,2936,FALSE,TRUE,4,0.0364095621643411,2,FALSE
"65",5.269052112385,0.244891545205,0.0441269032301,2.872910635194,0.70872584669,0.896095478063,8.876165780529,0.0676380246327,0.243995625815,0.74641148325,0.782100349563044,0.731931847458758,0.553964070523936,0.0810067696663351,0.123054429778694,0.18374705676382,0.123054429778694,0.0246235165151199,0,1628.21052904559,0.002169930661,717363.847276706,1e-04,0,0.0702540874481201,250.420633792877,"2_420_5",2,420,5,2938,FALSE,TRUE,4,0.0335211056798275,7,FALSE
"66",5.275130592106,0.216392726867,0.0791398994492,1.266523710055,0.577023521823,0.896062784892,8.397541909581,0.0583612434887,0.248810078501,0.74641148325,0.783262523861713,0.737082175737558,0.659613415286114,0.0807904548366537,0.121866589255564,0.16051724127348,0.121866589255564,0.407538842036467,0,1448.83809137282,0.001919861777,717363.847276706,1e-04,0,0.0699732303619385,251.019128799438,"2_421_5",2,421,5,2945,TRUE,TRUE,4,0.0906975664445883,2,FALSE
"67",5.539651893616,0.233437580023,0.104373366812,3.397806554865,0.84412916776,0.891310331386,8.858354657679,0.0745909276489,0.243880387547,0.74641148325,0.780080179963205,0.732407355992554,0.531760405315237,0.0813814142868147,0.122945242241399,0.188264977631686,0.122945242241399,0.0139647581851148,0,1513.40487175022,0.002009876402,717363.847276706,1e-04,0,0.0702419281005859,251.28486084938,"2_422_1",2,422,1,2948,FALSE,TRUE,3,0.0354780127197648,3,FALSE
"68",7.63992127556,0.208305848044,0.0235441880587,2.209712517765,0.688674970385,0.888204160097,8.450860999049,0.051444871902,0.229605475873,0.74641148325,0.782661641164784,0.737599616811491,0.625797708816775,0.0809023689986234,0.121746609114217,0.168301772787179,0.121746609114217,0.126520158625967,0,1492.49067807913,0.001980719252,717363.847276706,1e-04,0,0.0706632137298584,251.523317813873,"2_422_4",2,422,4,2951,FALSE,TRUE,1,0.0372155308946751,6,FALSE
"69",5.111416882768,0.213574130331,0.0957452500729,3.558779264446,0.838333309404,0.883660812091,8.872347575598,0.0730712149396,0.245023754438,0.74641148325,0.780145721691188,0.733367754000342,0.544127900791474,0.0813692865122821,0.122724416849125,0.185762041759496,0.122724416849125,0.0197999868825603,0,1496.63144691375,0.001986492031,717363.847276706,1e-04,0,0.0702691078186035,251.947510004044,"2_423_2",2,423,2,2956,FALSE,TRUE,1,0.0343688817222239,3,TRUE
"70",5.568335838015,0.191613720756,0.0681037677559,3.515873915884,0.538170259789,0.89040023661,8.259666985846,0.0585509080067,0.260813362541,0.74641148325,0.78329065031886,0.737129353741415,0.658746749405557,0.0807852124968586,0.121855654887808,0.160721459630215,0.121855654887808,0.222687419507364,0,1343.51241694996,0.001773023867,717363.847276706,1e-04,0,0.0747890472412109,252.202377796173,"2_423_5",2,423,5,2959,FALSE,TRUE,2,0.0526662037913208,2,FALSE
"71",5.946842568569,0.18013707072,0.0208502110671,2.851528772446,0.705014371093,0.895111965674,8.657829866839,0.0744746850782,0.232467647165,0.74641148325,0.780898448511329,0.733915404137186,0.583233011436949,0.0812298728971891,0.12259831696483,0.177616016392608,0.12259831696483,0.0313879075350101,0,1473.29554237725,0.001953958696,717363.847276706,1e-04,0,0.0766358375549316,252.876581907272,"2_424_6",2,424,6,2967,FALSE,TRUE,3,0.030808434088528,7,TRUE
"72",8.323436642856,0.231303082076,0.100701679021,2.762624441916,0.657507146355,0.897976394985,8.458066554171,0.0569948863323,0.231045179478,0.74641148325,0.7796798088864,0.737107413982486,0.601278353454644,0.0814554593375434,0.121860739951411,0.173728222619489,0.121860739951411,0.0919219979992081,0,1468.96817358644,0.001947925772,717363.847276706,1e-04,0,0.0791420936584473,253.07154083252,"2_425_1",2,425,1,2969,FALSE,TRUE,1,0.0343312421060732,6,FALSE
"73",5.275130592106,0.178886579246,0.016127949307,2.247166672846,0.621639690853,0.899585759379,8.373705133149,0.0607493232083,0.263877903546,0.74641148325,0.782767582004834,0.737047407331548,0.632764688378287,0.080882648803592,0.121874646843512,0.166727672139671,0.121874646843512,0.131526412308268,0,1444.50837201577,0.001913825576,717363.847276706,1e-04,0,0.0916030406951904,253.669372797012,"2_425_7",2,425,7,2975,FALSE,TRUE,2,0.0374963170908226,2,FALSE
"74",5.11878842026,0.160183879925,0.113575004722,3.328411339728,0.876718122519,0.896249348294,8.730626332505,0.0614759563035,0.236275640325,0.74641148325,0.778252629886345,0.734247075434462,0.552990305364083,0.0817188574983348,0.122521884464322,0.183947521480582,0.122521884464322,0.0273482795639992,0,1402.9061418551,0.001855826569,717363.847276706,1e-04,0,0.147955894470215,254.009077787399,"2_426_2",2,426,2,2977,FALSE,TRUE,2,0.0337109322201628,3,FALSE
"75",7.63992127556,0.208305848044,0.0235441880587,2.209712517765,0.688674970385,0.896429829258,8.544644971224,0.0668970495969,0.229605475873,0.74641148325,0.782312040285436,0.736446740068776,0.606963380076753,0.0809674108410312,0.122013767646537,0.172485255987242,0.122013767646537,0.0603603912797991,0,1492.49067807913,0.001980719252,717363.847276706,1e-04,0,0.138586044311523,254.550539016724,"2_426_6",2,426,6,2981,FALSE,TRUE,1,0.0303881477866595,6,TRUE
"76",4.966015077937,0.208615269805,0.105130244795,3.995150163263,0.7130953097,0.889669066277,8.447005188948,0.0598759579313,0.226511951306,0.74641148325,0.779555419411987,0.735166752421413,0.567546304123057,0.0814784503580331,0.122309698250992,0.180927788993646,0.122309698250992,0.0368766250952176,0,1485.23640385087,0.001970605835,717363.847276706,1e-04,0,0.109785079956055,256.084698915482,"2_427_6",2,427,6,2988,FALSE,TRUE,1,0.0326630634402122,7,FALSE
"77",8.323436642856,0.231303082076,0.100701679021,6.430625109186,0.663991671314,0.897976394985,8.458066554171,0.0569948863323,0.231045179478,0.74641148325,0.779319971475563,0.736886236995759,0.551905159428661,0.0815219506638395,0.121911991158356,0.184170658599169,0.121911991158356,0.0779769827916318,0,1468.96817358644,0.001947925772,717363.847276706,1e-04,0,0.144840002059937,259.480640888214,"2_429_3",2,429,3,2999,FALSE,TRUE,1,0.0372326207211921,1,FALSE
"78",3.824543778672,0.463840945563,0.696288911218,3.557897372416,0.530117284804,0.712447863803,5.13987564295,0.577326875386,0.617754055695,0.74641148325,0.470721418161318,-0.304173339735966,-2.94913862432316,0.126251110598802,0.271420284029523,0.546747314856114,0.271420284029523,0.0060413601344313,0,17239.6057693756,0.02393427883,717363.847276706,1e-04,0,0.125308036804199,99.4728438854218,"3_148_7",3,148,7,1036,FALSE,TRUE,4,0.212022313096183,9,FALSE
"79",7.883043174832,0.248903060539,0.156304874911,3.96991586526,0.75164549416,0.87751796721,8.854516156924,0.673354238579,0.633626947417,0.74641148325,0.784540057601525,0.737004302907911,0.600211279827352,0.0805519979781282,0.121884635566355,0.173960536241319,0.121884635566355,0.373777113264974,0,1288.86717801289,0.001696841182,717363.847276706,1e-04,0,0.0705621242523193,262.614287853241,"3_384_1",3,384,1,2682,FALSE,TRUE,3,0.0855603063938834,4,FALSE
"80",7.899414459282,0.211495779903,0.124568881022,2.373165729267,0.75164549416,0.87751796721,8.854516156924,0.673354238579,0.633626947417,0.74641148325,0.784345368160579,0.73798577154969,0.617019799666862,0.0805883831228028,0.121656993507499,0.170264313016359,0.121656993507499,0.655855650485956,0,1288.86717801289,0.001696841182,717363.847276706,1e-04,0,0.069890022277832,265.378571033478,"3_388_3",3,388,3,2712,TRUE,TRUE,4,0.144413711636562,4,FALSE
"81",8.466113032994,0.216818850056,0.0801832807409,3.363835663386,0.748061870534,0.881163743096,8.472110954224,0.686247140987,0.602237033944,0.74641148325,0.784148433451043,0.738488836395945,0.591187940692137,0.0806251711762084,0.121540147254837,0.175912750293874,0.121540147254837,0.383311396175805,0,1363.33257660934,0.001800655789,717363.847276706,1e-04,0,0.0693559646606445,265.613178014755,"3_388_6",3,388,6,2715,FALSE,TRUE,1,0.0878318188166935,4,FALSE
"82",7.899414459282,0.211495779903,0.124568881022,6.18513737814,0.639984784614,0.87751796721,8.854516156924,0.673354238579,0.633626947417,0.74641148325,0.784094424542106,0.737769280600714,0.605039575957324,0.0806352572859477,0.121707243068305,0.172906874188768,0.121707243068305,0.419031764119427,0,1288.86717801289,0.001696841182,717363.847276706,1e-04,0,0.0680050849914551,271.666384935379,"3_396_7",3,396,7,2772,FALSE,TRUE,4,0.0947308812962002,4,FALSE
"83",8.043909428429,0.216818850056,0.0801832807409,3.363835663386,0.748061870534,0.881163743096,8.472110954224,0.686247140987,0.602237033944,0.74641148325,0.784262403638741,0.738284259335235,0.592007252239742,0.0806038832159318,0.121587677664009,0.175736386082917,0.121587677664009,0.385991377197034,0,1363.33257660934,0.001800655789,717363.847276706,1e-04,0,0.0689210891723633,274.378238916397,"3_401_5",3,401,5,2805,FALSE,TRUE,2,0.0883516595210497,4,FALSE
"84",3.886709039827,0.491226131287,0.370792199037,3.288464566903,0.77007605382,0.775720793647,3.93018901031,0.843930886618,0.716026084684,0.74641148325,0.630361866471386,0.216603948494921,-1.54797014564206,0.105507038173882,0.210361050424426,0.43916997116991,0.210361050424426,0.00329600647892441,0,8768.98313563406,0.0121251114,717363.847276706,1e-04,0,0.083298921585083,91.757826089859,"4_117_7",4,117,7,819,FALSE,TRUE,2,0.159012483153398,9,TRUE
"85",6.71541273491,0.207318888418,0.0577214958336,4.062316284526,0.842795775011,0.884786520581,8.435103688447,0.703594648522,0.629033856421,0.74641148325,0.785847848143118,0.737419728680862,0.579112259405807,0.0803071601631339,0.121788333553479,0.178491939017834,0.121788333553479,0.353937782188975,0,1305.65525354073,0.001720245978,717363.847276706,1e-04,0,0.0989940166473389,275.841943025589,"4_361_5",4,361,5,2525,FALSE,TRUE,2,0.082312244742761,4,FALSE
"86",6.033923018687,0.18984851131,0.0316142815262,3.113066374765,0.872531283771,0.896022738363,8.405199639228,0.740864731297,0.684573814251,0.74641148325,0.786110246940754,0.736876120324687,0.576664407102671,0.0802579452450666,0.121914334881552,0.179010234546728,0.121914334881552,0.33808522770556,0,1325.86898779489,0.001748426595,717363.847276706,1e-04,0,0.0808699131011963,289.606228113174,"4_379_6",4,379,6,2652,FALSE,TRUE,3,0.079226712804189,4,FALSE
"87",6.732759958477,0.223458980746,0.112366920235,3.71845655728,0.771145177979,0.874939027204,8.708298419693,0.656592587161,0.621741240031,0.74641148325,0.785452587606393,0.736750948248238,0.610407538012666,0.0803812374436797,0.121943329695725,0.171727853738291,0.121943329695725,0.40310758654381,0,1271.56770118438,0.001672723425,717363.847276706,1e-04,0,0.109850883483887,291.998357057571,"4_382_6",4,382,6,2673,FALSE,TRUE,4,0.0912573955497367,4,FALSE
"88",5.510909976303,0.181583261713,0.0394071328915,3.848807294222,0.866612001105,0.894583409003,8.350026750628,0.724805598353,0.653575270001,0.74641148325,0.784822833890176,0.736541639307865,0.555159189928973,0.0804991211570631,0.121991798545812,0.18350072350208,0.121991798545812,0.329890862060929,0,1345.31890350269,0.001775542348,717363.847276706,1e-04,0,0.0798940658569336,300.805359125137,"4_393_6",4,393,6,2750,FALSE,TRUE,4,0.0784964309389924,4,FALSE
"89",5.741459233816,0.209752639787,0.526930990197,8.488799057062,0.703601016116,0.87336968789,8.057519011849,0.675221318137,0.611578020845,0.74641148325,0.77833563409184,0.728946382306404,0.550431194855962,0.0817035616152139,0.123737758822535,0.184473315683968,0.123737758822535,0.0040357988990104,0,1315.40443614244,0.001733837627,717363.847276706,1e-04,0,0.0950071811676025,304.731979131699,"4_399_2",4,399,2,2788,FALSE,TRUE,1,0.0335151467692446,4,TRUE
"90",7.365066530026,0.225855459716,0.130486285432,4.032011698443,0.721850626316,0.893750671158,8.381700920059,0.707284498899,0.597782570594,0.74641148325,0.781328133747517,0.736588538078582,0.545494016384616,0.0811501828947791,0.121980940055669,0.185483495618846,0.121980940055669,0.305495538052762,0,1438.54979560703,0.001905518533,717363.847276706,1e-04,0,0.117386102676392,317.974140167236,"4_414_4",4,414,4,2895,FALSE,TRUE,3,0.0741695647848617,4,FALSE
"91",7.491040192394,0.225676370356,0.110618146686,7.385355367897,0.708814671093,0.884023046363,8.514475693631,0.751865823806,0.652536074317,0.74641148325,0.784805895390408,0.737945091818744,0.580869738898685,0.080502289493966,0.121666437234498,0.178118889331787,0.121666437234498,0.368952986909135,0,1284.5745577211,0.001690856702,717363.847276706,1e-04,0,0.127182006835938,324.266671180725,"4_421_5",4,421,5,2945,FALSE,TRUE,1,0.0852812591794701,4,FALSE
"92",6.94589704237,0.218612334713,0.095560595178,2.824447930241,0.760341754292,0.89271971901,8.349834761087,0.745081585028,0.622463162018,0.74641148325,0.785573333087048,0.738043722688716,0.618852300490083,0.0803586153178882,0.121643538987758,0.16985648042038,0.121643538987758,0.444694402194799,0,1278.54577347784,0.00168245178,717363.847276706,1e-04,0,0.0995750427246094,324.925503969193,"4_422_3",4,422,3,2950,FALSE,TRUE,3,0.0996616451983062,4,FALSE
"93",6.105358485556,0.222639556411,0.0702718305221,2.617888921046,0.800090101163,0.896800790069,8.111383059834,0.708481345,0.6118458214,0.74641148325,0.786052151856627,0.736686603285283,0.604528410184128,0.0802688440269224,0.121958231856947,0.173018727797424,0.121958231856947,0.395533768847186,0,1341.09171674913,0.001769649091,717363.847276706,1e-04,0,0.166163921356201,326.083791017532,"4_423_4",4,423,4,2958,FALSE,TRUE,4,0.0898848761164817,4,FALSE
"94",7.88744435699,0.21519236936,0.130227046054,3.580954317591,0.745559423892,0.888489261985,8.517922212406,0.753856470163,0.697824084055,0.74641148325,0.785945869689693,0.737801874172301,0.620288488843099,0.0802887789959351,0.121699679124194,0.169536163475006,0.121699679124194,0.42000054046313,0,1183.21867981989,0.001549553213,717363.847276706,1e-04,0,0.13284707069397,326.746924161911,"4_424_1",4,424,1,2962,FALSE,TRUE,4,0.0944586630781207,4,FALSE
"95",7.4571573265,0.223941179364,0.140713829635,3.593523197934,0.819987415177,0.893461081,8.517922212406,0.753856470163,0.697824084055,0.74641148325,0.785787856230998,0.737301133181299,0.60503697463905,0.0803184078734444,0.121815833558871,0.172907443594009,0.121815833558871,0.346054613530993,0,1183.21867981989,0.001549553213,717363.847276706,1e-04,0,0.0779969692230225,330.319894075394,"4_428_3",4,428,3,2992,FALSE,TRUE,2,0.0797248430907053,4,FALSE
"96",7.76063159679,0.200754013191,0.0951231543307,8.118229938229,0.637025715551,0.533828638471,8.756309772706,0.680365991795,0.59959365776,0.74641148325,0.785200234956191,0.737878308640457,0.62236622688835,0.0804284961285885,0.121681939240971,0.169071685944364,0.121681939240971,0.492729179327725,0,1261.29912521329,0.001658407673,717363.847276706,1e-04,0,0.0885870456695557,301.758152961731,"5_396_2",5,396,2,2767,FALSE,TRUE,4,0.109660373727344,4,FALSE
"97",7.76063159679,0.200754013191,0.0951231543307,8.540810570808,0.506218431199,0.533828638471,8.756309772706,0.680365991795,0.59959365776,0.74641148325,0.785167425911441,0.738159854336079,0.626883960864824,0.0804346383172736,0.121616572215401,0.168057318095308,0.121616572215401,0.509096991378353,0,1261.29912521329,0.001658407673,717363.847276706,1e-04,0,0.0881922245025635,304.751267910004,"5_400_4",5,400,4,2797,FALSE,TRUE,3,0.113001996624063,4,FALSE
"98",8.924091952393,0.0733196299151,0.193208131904,4.042357080288,0.68099618967,0.855025495254,8.215453145481,0.863732741546,0.707649124067,0.74641148325,0.770719250916009,0.716997375881234,0.43820657710049,0.0830953733023109,0.126435745285474,0.206216681925949,0.126435745285474,0.00810387130549679,0,1788.35284939751,0.00239319022,717363.847276706,1e-04,0,0.0933389663696289,314.541127920151,"5_413_6",5,413,6,2890,FALSE,TRUE,4,0.0442466337208644,4,FALSE
"99",8.252143971349,0.217978342679,0.0880680691418,8.407605196913,0.521781112887,0.564630333322,8.505950427186,0.71182585375,0.608208349392,0.74641148325,0.786790809075639,0.738372314112054,0.637835719764163,0.0801301597027008,0.121567221736348,0.165572526784533,0.121567221736348,0.516311928169451,0,1209.70700284705,0.001586481436,717363.847276706,1e-04,0,0.0808520317077637,321.730941057205,"5_423_5",5,423,5,2959,FALSE,TRUE,3,0.114262873610815,4,FALSE
"100",7.493651996861,0.231214455431,0.143670375014,7.35241993383,0.676493684654,0.872807136423,8.897338082781,0.677613488172,0.615149944086,0.74641148325,0.784420091781484,0.737902190590658,0.601016856675308,0.0805744201082662,0.121676395884004,0.173785182060936,0.121676395884004,0.401417899994245,0,1276.29540863458,0.001679314474,717363.847276706,1e-04,0,0.0909490585327148,322.422029972076,"5_424_5",5,424,5,2966,FALSE,TRUE,3,0.0912162126113301,4,FALSE
"101",7.493651996861,0.231214455431,0.143670375014,7.35241993383,0.676493684654,0.872807136423,8.997826446346,0.718046149813,0.63814666263,0.74641148325,0.784461937688952,0.738431427812444,0.600425363375016,0.080566599636054,0.121553487153419,0.173913952791217,0.121553487153419,0.410234110620106,0,1276.29540863458,0.001679314474,717363.847276706,1e-04,0,0.0830118656158447,325.378504991531,"5_428_7",5,428,7,2996,FALSE,TRUE,2,0.0930569199003463,4,FALSE
